49.94,49.69,49.14,48.64,48.39,48.49,48.99,49.84,50.69,51.59
49.64,49.68,49.33,48.88,48.68,48.78,49.28,50.13,50.98,51.88
49.96,50,49.75,49.4,49.2,49.35,49.85,50.7,51.55,52.45
49.52,49.65,49.45,49.15,48.95,49.1,49.6,50.45,51.3,52.2
48.33,48.63,48.58,48.38,48.23,48.43,48.93,49.78,50.63,51.53
47.38,47.81,47.81,47.66,47.56,47.81,48.31,49.16,50.01,50.91
47.98,48.36,48.31,48.11,48.01,48.21,48.71,49.56,50.41,51.31
47.85,48.19,48.11,47.96,47.86,48.06,48.56,49.41,50.26,51.16
46.68,47.05,47.15,47.15,47.15,47.4,47.95,48.85,49.75,50.65
47.35,47.51,47.66,47.66,47.66,47.91,48.46,49.36,50.26,51.16
48.67,48.85,48.9,48.85,48.75,48.95,49.45,50.3,51.15,52.05
49.08,49.25,49.14,49.04,48.94,49.14,49.64,50.49,51.34,52.24
48.28,48.52,48.43,48.33,48.23,48.43,48.93,49.78,50.68,51.58
48.14,48.37,48.3,48.2,48.1,48.3,48.8,49.65,50.5,51.4
47.82,47.97,47.91,47.86,47.81,48.01,48.51,49.36,50.21,51.11
47.87,48.16,48.25,48.25,48.25,48.45,48.95,49.8,50.65,51.55
47.47,47.75,48.02,48.07,48.12,48.32,48.82,49.67,50.57,51.47
47.27,47.45,47.7,47.75,47.85,48.1,48.65,49.55,50.45,51.35
47.27,47.45,47.5,47.55,47.6,47.85,48.4,49.3,50.2,51.1
47.42,47.55,47.65,47.65,47.7,47.95,48.5,49.4,50.3,51.2
46.86,47.35,47.54,47.59,47.64,47.89,48.44,49.34,50.24,51.14
47.8,47.94,47.94,47.99,48.19,48.74,49.64,50.54,51.44,52.34
48.55,48.5,48.4,48.35,48.5,49.05,49.9,50.8,51.7,52.6
49.44,49.2,48.95,48.75,48.85,49.3,50.15,51.05,51.95,52.85
49.2,48.99,48.71,48.51,48.61,49.06,49.91,50.81,51.71,52.61
49.13,48.83,48.5,48.3,48.4,48.85,49.7,50.6,51.5,52.4
47.98,47.98,47.88,47.83,47.98,48.48,49.33,50.23,51.13,52.03
47.65,47.73,47.73,47.73,47.88,48.38,49.23,50.13,51.03,51.93
48.28,48.23,48.18,48.13,48.28,48.73,49.58,50.48,51.38,52.28
47.29,47.48,47.53,47.53,47.73,48.23,49.13,50.03,50.93,51.83
47.5,47.62,47.62,47.62,47.82,48.32,49.22,50.12,51.02,51.92
46.89,47.02,47.12,47.22,47.52,48.07,48.97,49.87,50.77,51.67
46.92,47.07,47.27,47.42,47.72,48.27,49.17,50.07,50.97,51.87
47.72,47.72,47.87,47.97,48.22,48.77,49.67,50.57,51.47,52.37
47.62,47.75,47.9,48,48.25,48.8,49.7,50.6,51.5,52.4
47.89,48.01,48.11,48.16,48.41,48.91,49.81,50.71,51.61,52.51
47.44,47.57,47.67,47.77,48.02,48.52,49.42,50.32,51.22,52.12
47.75,47.85,47.95,48.05,48.3,48.8,49.7,50.6,51.5,52.4
47.19,47.39,47.59,47.74,48.04,48.54,49.44,50.34,51.24,52.14
46.9,47.2,47.37,47.52,47.82,48.37,49.27,50.17,51.07,51.97
46.44,46.76,47.01,47.36,47.96,48.86,49.76,50.66,51.56,52.01
46.52,46.79,47.09,47.44,48.04,48.94,49.84,50.74,51.64,52.09
47.41,47.58,47.83,48.13,48.68,49.58,50.48,51.38,52.28,52.73
46.66,47.03,47.31,47.66,48.26,49.16,50.06,50.96,51.86,52.31
46.36,46.81,47.19,47.59,48.24,49.14,50.04,50.94,51.84,52.29
45.25,45.81,46.31,46.81,47.51,48.41,49.31,50.21,51.11,51.56
45.14,45.63,46.12,46.62,47.27,48.17,49.07,49.97,50.87,51.32
45.25,45.71,46.13,46.63,47.28,48.18,49.08,49.98,50.88,51.33
45.61,46.06,46.56,47.06,47.71,48.61,49.51,50.41,51.31,51.76
44.34,44.98,45.63,46.28,47.08,47.98,48.88,49.78,50.68,51.18
45.14,45.62,46.22,46.87,47.67,48.57,49.47,50.37,51.27,51.77
45.37,45.79,46.34,46.94,47.69,48.59,49.49,50.39,51.29,51.79
46.07,46.39,46.84,47.34,47.99,48.89,49.79,50.69,51.59,52.04
45.82,46.3,46.8,47.35,48.05,48.95,49.85,50.75,51.65,52.1
45.65,46.13,46.63,47.18,47.88,48.78,49.68,50.58,51.48,51.93
47.02,47.35,47.8,48.3,48.95,49.8,50.7,51.6,52.5,52.95
46.56,46.97,47.42,47.92,48.57,49.42,50.32,51.22,52.12,52.52
46.32,46.6,46.9,47.4,48.05,48.9,49.75,50.65,51.55,52
47.46,47.64,47.94,48.34,48.89,49.74,50.59,51.49,52.39,52.84
47.46,47.65,48,48.4,49,49.85,50.7,51.6,52.5,52.95
47.08,47.37,47.78,48.23,48.83,49.68,50.53,51.43,52.33,52.78
47.19,47.48,47.88,48.33,48.93,49.78,50.63,51.53,52.43,52.88
47.06,47.6,48.03,48.48,49.08,49.93,50.78,51.68,52.58,53.03
47.47,47.82,48.27,48.87,49.72,50.57,51.47,52.37,52.82,52.62
47.96,48.26,48.66,49.21,50.06,50.91,51.81,52.71,53.16,52.96
48.01,48.3,48.7,49.3,50.15,51,51.9,52.8,53.25,53.05
49.21,49.48,49.83,50.33,51.13,51.98,52.88,53.78,54.23,54.03
49.5,49.65,50.02,50.42,51.17,51.97,52.82,53.72,54.12,53.87
49.28,49.49,49.85,50.3,51.1,51.9,52.75,53.65,54.05,53.75
50.15,50.35,50.65,51.05,51.85,52.65,53.5,54.35,54.75,54.4
49.54,49.72,50.07,50.47,51.27,52.07,52.92,53.82,54.22,53.92
48.79,48.88,49.18,49.58,50.33,51.13,51.93,52.83,53.23,52.93
50.01,50.23,50.48,50.83,51.58,52.38,53.18,54.03,54.43,54.13
50.19,50.36,50.61,50.96,51.66,52.41,53.21,54.06,54.41,54.06
50.15,50.4,50.65,51,51.7,52.45,53.25,54.1,54.45,54.1
50.28,50.39,50.59,50.89,51.59,52.34,53.14,53.94,54.29,53.94
50.64,50.75,50.95,51.25,51.95,52.7,53.5,54.3,54.65,54.3
50.02,50.11,50.39,50.69,51.39,52.14,52.94,53.74,54.09,53.74
50.78,50.81,50.96,51.21,51.86,52.61,53.36,54.16,54.46,54.01
50.46,50.47,50.62,50.87,51.52,52.27,53.02,53.82,54.17,53.72
51.26,51.06,51.21,51.46,52.11,52.86,53.61,54.41,54.71,54.26
51.19,50.79,50.96,51.26,51.91,52.66,53.46,54.26,54.61,54.16
51.09,51.17,51.42,52.07,52.82,53.62,54.42,54.77,54.22,53.12
50.94,50.87,51.07,51.67,52.42,53.22,54.02,54.32,53.72,52.57
50.25,50.25,50.55,51.2,52,52.8,53.6,53.9,53.4,52.3
51.27,51.24,51.49,52.14,52.94,53.74,54.54,54.84,54.34,53.24
51.34,51.33,51.58,52.18,52.98,53.78,54.58,54.88,54.33,53.18
51.15,51.21,51.46,52.11,52.91,53.71,54.51,54.81,54.26,53.11
49.14,49.45,49.75,50.45,51.3,52.15,53,53.35,52.85,51.75
49.95,50.09,50.39,51.04,51.89,52.74,53.59,53.94,53.44,52.34
49.09,49.28,49.63,50.33,51.23,52.13,52.98,53.38,52.93,51.88
49.54,49.73,50.08,50.73,51.58,52.48,53.33,53.73,53.28,52.23
49.86,50.01,50.36,51.01,51.86,52.76,53.61,54.01,53.56,52.51
50.45,50.56,50.86,51.51,52.31,53.16,54.01,54.41,53.91,52.81
50.4,50.55,50.85,51.5,52.3,53.15,54,54.4,53.9,52.8
50.56,50.64,50.94,51.54,52.34,53.14,53.99,54.39,53.89,52.79
51.01,51.06,51.36,51.96,52.76,53.56,54.36,54.76,54.26,53.16
51.29,51.34,51.64,52.24,53.04,53.84,54.64,55.04,54.54,53.44
52.29,52.24,52.44,52.99,53.74,54.49,55.29,55.69,55.19,53.99
51.13,51.15,51.4,51.95,52.75,53.5,54.3,54.65,54.05,52.85
51.25,51.25,51.5,52.05,52.85,53.6,54.4,54.75,54.15,52.9
48.72,49,49.35,50,50.85,51.65,52.5,52.9,52.4,51.3
48.56,48.94,49.34,50.04,50.89,51.74,52.59,53.04,52.54,51.49
48.47,49.35,49.8,50.55,51.4,52.25,53.1,53.55,53.15,52.15
49.53,49.98,50.68,51.53,52.38,53.23,53.68,53.23,52.23,51.23
49.9,50.25,50.95,51.75,52.55,53.4,53.85,53.35,52.3,51.2
49.6,49.95,50.6,51.4,52.2,53.05,53.5,53,51.95,50.95
49.1,49.55,50.2,51.05,51.9,52.75,53.2,52.75,51.7,50.7
48.95,49.41,50.11,50.96,51.81,52.66,53.16,52.76,51.71,50.71
48.65,49.12,49.82,50.67,51.52,52.37,52.87,52.52,51.47,50.52
48.1,48.71,49.46,50.36,51.21,52.06,52.56,52.21,51.21,50.31
48.5,48.97,49.67,50.52,51.37,52.22,52.72,52.37,51.37,50.47
48.53,49.01,49.71,50.56,51.41,52.29,52.79,52.44,51.44,50.54
49.19,49.56,50.21,51.01,51.86,52.7,53.2,52.85,51.85,50.95
48.88,49.14,49.79,50.59,51.42,52.25,52.75,52.42,51.42,50.52
48.29,48.7,49.35,50.19,51.03,51.87,52.37,52.07,51.07,50.17
47,47.5,48.25,49.1,49.95,50.8,51.3,51.05,50.05,49.15
47.14,47.61,48.36,49.21,50.06,50.91,51.46,51.26,50.26,49.36
46.54,46.96,47.71,48.56,49.41,50.31,50.86,50.71,49.71,48.81
46.65,47.02,47.77,48.62,49.47,50.32,50.87,50.72,49.72,48.82
46.31,46.62,47.32,48.17,49.02,49.87,50.42,50.37,49.37,48.47
46.78,47.13,47.78,48.58,49.43,50.28,50.83,50.68,49.68,48.78
47.23,47.53,48.18,48.98,49.78,50.63,51.18,51.03,50.03,49.13
47.69,47.95,48.55,49.32,50.12,50.94,51.49,51.34,50.34,49.44
46.92,47.26,47.86,48.63,49.43,50.23,50.78,50.63,49.63,48.73
46.72,46.87,47.49,48.24,49.04,49.84,50.39,50.24,49.24,48.34
46.51,47.11,47.86,48.71,49.51,50.06,49.91,48.91,48.01,47.31
47.19,47.68,48.43,49.23,50.03,50.58,50.43,49.38,48.48,47.78
46.37,47,47.75,48.6,49.4,49.95,49.8,48.75,47.85,47.15
47.1,47.66,48.41,49.21,50.01,50.51,50.36,49.26,48.31,47.61
46.96,47.52,48.27,49.07,49.87,50.37,50.17,49.07,48.12,47.42
47.23,47.73,48.48,49.28,50.08,50.58,50.38,49.28,48.33,47.63
46.68,47.2,47.95,48.75,49.55,50.05,49.85,48.75,47.8,47.1
46.53,47.08,47.83,48.63,49.43,49.93,49.73,48.63,47.68,46.98
46.49,47.08,47.83,48.63,49.43,49.93,49.73,48.68,47.73,47.03
46.98,47.55,48.3,49.1,49.9,50.35,50.15,49.15,48.2,47.5
46.47,47.03,47.78,48.58,49.38,49.88,49.68,48.68,47.78,47.08
46.1,46.67,47.47,48.32,49.17,49.67,49.57,48.67,47.82,47.12
46.14,46.67,47.52,48.37,49.22,49.77,49.67,48.77,47.92,47.22
46.56,47.05,47.85,48.7,49.55,50.05,49.95,49.05,48.2,47.5
46.51,47.03,47.83,48.63,49.43,49.93,49.83,48.93,48.08,47.38
48.04,48.62,49.32,50.02,50.77,51.17,50.92,49.87,48.92,48.17
48.13,48.58,49.28,49.98,50.73,51.13,50.88,49.78,48.78,47.98
48,48.35,49.05,49.75,50.5,50.9,50.65,49.55,48.55,47.75
48.27,48.63,49.33,50.03,50.78,51.13,50.83,49.73,48.68,47.83
48.79,49.4,50.07,50.74,51.09,50.79,49.69,48.64,47.79,47.44
49.44,49.96,50.59,51.24,51.54,51.19,50.09,49.04,48.19,47.84
49.24,49.87,50.55,51.27,51.57,51.22,50.12,49.07,48.22,47.87
49.18,49.67,50.37,51.07,51.37,51.02,49.92,48.87,48.02,47.67
49.32,49.85,50.55,51.25,51.55,51.15,50.05,49,48.15,47.8
49.7,50.18,50.83,51.53,51.83,51.43,50.23,49.18,48.33,47.98
49.45,49.95,50.65,51.35,51.65,51.25,50.1,49.05,48.2,47.85
49.55,50.12,50.82,51.52,51.82,51.42,50.32,49.27,48.42,48.07
49.38,49.92,50.62,51.32,51.62,51.22,50.12,49.07,48.22,47.87
48.77,49.3,50,50.7,51,50.6,49.55,48.5,47.65,47.3
48.74,49.22,49.87,50.51,50.81,50.41,49.36,48.31,47.46,47.11
49.22,49.63,50.23,50.89,51.14,50.69,49.59,48.49,47.64,47.29
49.27,49.76,50.31,50.91,51.16,50.71,49.61,48.51,47.61,47.26
49.7,50.16,50.66,51.26,51.51,51.01,49.86,48.76,47.86,47.51
50.29,50.76,51.26,51.79,51.99,51.44,50.24,49.09,48.19,47.84
50.18,50.6,51.1,51.61,51.86,51.31,50.11,48.96,48.06,47.71
50.5,50.93,51.43,51.95,52.15,51.55,50.3,49.1,48.15,47.8
50.2,50.62,51.07,51.55,51.75,51.15,49.9,48.7,47.75,47.4
49.97,50.38,50.89,51.39,51.59,50.99,49.74,48.54,47.59,47.24
49.8,50.24,50.72,51.2,51.4,50.8,49.55,48.35,47.4,47.05
49.52,50,50.56,51.19,51.44,50.84,49.59,48.39,47.44,47.09
49.65,50.15,50.7,51.3,51.55,50.95,49.7,48.5,47.55,47.2
50.15,50.67,51.17,51.72,51.97,51.37,50.12,48.92,47.97,47.62
51.43,51.9,52.43,52.58,51.88,50.58,49.33,48.38,48.03,48.33
52.97,53.22,53.64,53.69,52.84,51.39,50.04,49.04,48.69,48.99
52.11,52.52,52.92,52.97,52.17,50.72,49.42,48.42,48.07,48.37
51.44,51.9,52.42,52.62,51.92,50.57,49.32,48.37,48.02,48.32
51.83,52.32,52.79,52.94,52.19,50.79,49.54,48.59,48.24,48.54
51.65,52.08,52.61,52.76,52.01,50.61,49.36,48.36,48.01,48.31
51.95,52.42,52.92,53.1,52.35,50.95,49.7,48.7,48.35,48.65
51.25,51.83,52.49,52.74,52.14,50.84,49.59,48.59,48.24,48.54
51.8,52.34,52.91,53.11,52.46,51.11,49.81,48.76,48.41,48.71
51.53,52.09,52.77,52.95,52.3,50.85,49.45,48.4,48,48.3
51.65,52.2,52.78,52.98,52.28,50.83,49.38,48.28,47.88,48.13
51.37,51.9,52.55,52.8,52.15,50.7,49.25,48.15,47.75,48
49.3,49.98,50.75,51.15,50.75,49.55,48.3,47.3,46.95,47.25
48.67,49.29,50.03,50.43,50.08,48.93,47.73,46.73,46.38,46.68
48.09,48.59,49.37,49.82,49.52,48.42,47.27,46.32,46.02,46.32
48.85,49.42,50.13,50.53,50.18,49.03,47.83,46.83,46.48,46.78
48.23,48.81,49.53,49.98,49.68,48.58,47.43,46.48,46.18,46.48
49.02,49.55,50.2,50.65,50.3,49.15,47.95,47,46.7,47
49.5,49.86,50.53,50.93,50.53,49.33,48.08,47.08,46.78,47.08
48.65,49.05,49.85,50.25,49.95,48.85,47.7,46.75,46.45,46.75
49.26,49.91,50.31,50.01,48.91,47.76,46.81,46.51,46.81,47.26
49.28,49.85,50.21,49.91,48.81,47.66,46.71,46.41,46.71,47.16
48.85,49.47,49.87,49.62,48.57,47.47,46.52,46.22,46.52,46.97
47.97,48.63,49.08,48.88,47.88,46.83,45.93,45.68,45.98,46.43
48.21,48.84,49.29,49.09,48.09,47.04,46.14,45.89,46.19,46.64
48.74,49.34,49.78,49.58,48.53,47.48,46.58,46.33,46.63,47.08
48.67,49.27,49.72,49.52,48.52,47.47,46.57,46.32,46.62,47.07
48.8,49.38,49.78,49.53,48.48,47.38,46.43,46.18,46.48,46.93
48.46,49.04,49.49,49.24,48.19,47.09,46.14,45.89,46.19,46.64
48.92,49.52,49.97,49.67,48.62,47.52,46.57,46.32,46.62,47.07
48.85,49.42,49.87,49.62,48.62,47.57,46.62,46.37,46.67,47.12
48.82,49.36,49.81,49.66,48.76,47.76,46.86,46.61,46.91,47.36
48.42,48.93,49.4,49.3,48.5,47.5,46.65,46.4,46.7,47.15
48.15,48.55,48.96,48.91,48.16,47.21,46.41,46.16,46.46,46.96
48.58,48.98,49.34,49.24,48.44,47.44,46.64,46.39,46.69,47.19
48.94,49.3,49.71,49.61,48.81,47.81,47.01,46.76,47.06,47.56
49.36,49.64,50.02,49.74,48.84,47.69,46.79,46.49,46.74,47.19
49.58,49.85,50.14,49.82,48.87,47.67,46.72,46.37,46.57,47.02
50.44,50.74,50.95,50.55,49.5,48.2,47.2,46.85,47.05,47.5
50.34,50.57,50.85,50.45,49.4,48.05,47.05,46.7,46.9,47.35
50.59,50.75,50.98,50.58,49.53,48.18,47.18,46.83,47.03,47.48
50.4,50.65,50.95,50.55,49.48,48.1,47.1,46.75,46.95,47.4
50.95,51.3,50.85,49.75,48.35,47.3,46.95,47.15,47.6,48.35
52.04,52.31,51.77,50.52,48.92,47.77,47.42,47.62,48.07,48.82
51.72,52.03,51.5,50.25,48.65,47.5,47.15,47.35,47.8,48.55
51.15,51.49,51.04,49.84,48.34,47.24,46.89,47.09,47.54,48.29
50.99,51.31,50.92,49.77,48.32,47.22,46.87,47.07,47.52,48.27
51.45,51.77,51.32,50.12,48.62,47.47,47.12,47.32,47.77,48.52
51.62,51.87,51.32,50.02,48.42,47.27,46.92,47.12,47.57,48.32
51.63,51.92,51.31,50.01,48.41,47.26,46.91,47.11,47.56,48.31
51.57,51.82,51.27,49.97,48.37,47.22,46.87,47.07,47.52,48.27
51.56,51.74,51.19,49.89,48.29,47.14,46.79,46.99,47.44,48.19
51.71,51.92,51.37,50.07,48.42,47.27,46.92,47.12,47.57,48.27
52.22,52.47,51.82,50.42,48.72,47.52,47.17,47.37,47.77,48.42
52.96,53.15,52.46,50.96,49.16,47.91,47.56,47.76,48.11,48.76
52.73,52.84,52.24,50.74,48.94,47.69,47.34,47.54,47.89,48.54
52.28,52.46,51.95,50.55,48.8,47.55,47.2,47.4,47.75,48.4
52.54,52.62,52.12,50.72,48.97,47.72,47.37,47.52,47.87,48.52
53.42,53.48,52.93,51.48,49.68,48.38,48.03,48.18,48.53,49.18
52.95,53.06,52.56,51.16,49.41,48.16,47.81,47.96,48.31,48.96
52.2,52.46,52.06,50.81,49.16,48.01,47.66,47.81,48.16,48.86
51.62,51.93,51.62,50.56,49.04,47.89,47.54,47.69,48.04,48.74
52.67,52.26,51.16,49.61,48.41,48.01,48.16,48.51,49.21,49.91
54.03,53.4,52.1,50.35,49.05,48.6,48.7,49.05,49.75,50.45
54.22,53.62,52.22,50.37,48.97,48.47,48.47,48.77,49.42,50.07
54.75,54.06,52.56,50.56,49.06,48.51,48.41,48.66,49.26,49.86
55.28,54.41,52.76,50.71,49.16,48.61,48.51,48.76,49.36,49.96
56.59,55.35,53.26,51.11,49.51,48.91,48.81,49.06,49.66,50.26
56.75,55.18,52.88,50.63,48.98,48.33,48.23,48.48,49.08,49.68
56.81,55.39,53.14,50.89,49.24,48.59,48.49,48.74,49.34,49.94
57.69,56.11,53.71,51.36,49.56,48.86,48.71,48.96,49.56,50.16
57.3,56,53.8,51.55,49.8,49.1,49,49.3,49.95,50.6
57.99,56.37,54.07,51.67,49.82,49.07,48.97,49.27,49.92,50.52
59.11,57.56,54.86,52.16,50.21,49.36,49.16,49.46,50.11,50.71
59.23,57.82,55.1,52.15,50.15,49.25,49.05,49.35,50,50.6
59.9,58.49,55.34,52.09,50.04,49.09,48.89,49.19,49.84,50.44
60.01,58.91,55.29,51.69,49.54,48.54,48.29,48.59,49.24,49.84
60.09,58.92,55.57,52.02,49.92,48.92,48.67,48.97,49.62,50.22
60.5,59.42,56.12,52.42,50.27,49.27,49.02,49.32,49.97,50.57
62.33,60.61,57.11,53.01,50.71,49.61,49.36,49.66,50.31,50.96
60.32,59.15,55.99,52.24,49.94,48.89,48.64,48.94,49.59,50.24
58.63,58.62,55.87,52.42,50.22,49.22,49.02,49.37,50.07,50.77
59.93,56.94,53.19,50.84,49.79,49.59,49.94,50.64,51.34,51.99
59.44,56.46,52.76,50.46,49.41,49.16,49.51,50.16,50.81,51.46
59.28,56.53,53.03,50.73,49.68,49.43,49.78,50.43,51.08,51.73
60.64,57.59,53.84,51.39,50.19,49.89,50.19,50.84,51.44,52.04
60.64,57.59,53.84,51.39,50.19,49.89,50.19,50.84,51.44,52.04
60.43,57.38,53.48,50.98,49.73,49.38,49.68,50.28,50.88,51.48
59.59,56.65,52.9,50.5,49.35,49.05,49.35,50,50.65,51.25
56.16,53.89,50.74,48.84,47.89,47.69,48.09,48.79,49.49,50.14
53.57,52.07,49.52,47.77,46.97,46.87,47.32,48.02,48.72,49.42
53.3,52.04,49.79,48.19,47.54,47.44,47.89,48.59,49.29,49.94
52.43,51.41,49.21,47.61,46.96,46.86,47.31,48.01,48.71,49.36
53.13,51.94,49.69,47.99,47.34,47.24,47.69,48.39,49.09,49.74
54.37,52.86,50.41,48.61,47.86,47.71,48.11,48.81,49.51,50.16
54.22,52.66,50.21,48.36,47.56,47.41,47.81,48.51,49.21,49.86
53.67,52.2,49.75,47.9,47.15,47.05,47.45,48.15,48.85,49.5
52.95,51.82,49.57,47.82,47.12,47.07,47.52,48.22,48.92,49.57
52.72,52.07,50.17,48.52,47.92,47.87,48.32,49.02,49.72,50.42
50.51,49.77,48.23,46.88,46.53,46.58,47.08,47.78,48.48,49.18
50.93,50.2,48.55,47.1,46.65,46.7,47.2,47.9,48.6,49.3
51.13,50.14,48.29,46.69,46.14,46.19,46.69,47.39,48.09,48.79
52.28,51.12,48.97,47.17,46.52,46.57,47.12,47.82,48.52,49.22
53.51,52.01,49.66,47.76,46.96,46.96,47.46,48.16,48.86,49.56
52.41,49.44,47.34,46.44,46.44,46.94,47.64,48.34,49.04,49.74
53.26,49.62,47.47,46.52,46.52,46.97,47.67,48.37,49.07,49.77
51.6,48.81,47.06,46.31,46.36,46.86,47.56,48.26,48.96,49.66
51.64,49.06,47.36,46.71,46.76,47.31,48.01,48.71,49.41,50.11
52.46,49.3,47.45,46.7,46.75,47.3,48,48.7,49.4,50.1
53.14,49.57,47.47,46.72,46.77,47.27,47.97,48.67,49.37,50.07
53.62,49.86,47.46,46.61,46.61,47.11,47.81,48.51,49.21,49.91
53.69,49.95,47.6,46.75,46.8,47.35,48.1,48.8,49.5,50.2
56.74,51.79,49.19,48.19,48.19,48.69,49.39,50.09,50.79,51.49
58.21,52.44,49.5,48.3,48.2,48.7,49.4,50.1,50.8,51.5
57,51.91,49.16,48.06,47.96,48.46,49.16,49.86,50.56,51.26
56.87,51.74,48.89,47.79,47.64,48.09,48.74,49.44,50.14,50.79
56.39,52.7,50,48.85,48.65,49.05,49.7,50.4,51.1,51.75
58.84,54.24,51.19,49.74,49.29,49.59,50.24,50.89,51.54,52.19
60.53,54.33,51.28,49.73,49.23,49.53,50.18,50.83,51.48,52.13
60.66,53.22,49.63,48.03,47.58,47.88,48.53,49.18,49.83,50.48
62.85,54.34,50.69,49.14,48.69,48.99,49.64,50.29,50.94,51.59
64.28,54.98,50.95,49.2,48.65,48.9,49.55,50.2,50.85,51.5
59.68,53.45,50,48.5,48.2,48.5,49.2,49.9,50.55,51.2
61.81,54.39,50.74,49.14,48.74,49.04,49.74,50.44,51.09,51.74
53.42,50.2,48.7,48.35,48.65,49.35,50.05,50.7,51.35,51.6
52.15,49.11,47.86,47.61,48.01,48.71,49.41,50.06,50.71,50.96
53,49.67,48.42,48.17,48.57,49.27,49.97,50.62,51.27,51.52
54.22,50.36,48.86,48.51,48.86,49.51,50.21,50.86,51.51,51.76
53.78,50.34,48.89,48.54,48.89,49.59,50.29,50.94,51.59,51.89
53.44,50.1,48.65,48.3,48.65,49.3,50,50.65,51.3,51.6
55.15,51.12,49.52,49.12,49.47,50.12,50.82,51.47,52.12,52.42
54.83,51.52,49.92,49.52,49.87,50.52,51.17,51.82,52.42,52.67
54.59,51.65,50.05,49.7,50.05,50.7,51.35,51.95,52.55,52.8
55.07,51.77,50.32,49.92,50.27,50.92,51.52,52.12,52.72,52.97
57.87,52.77,50.67,50.12,50.32,50.92,51.52,52.12,52.67,52.92
60.28,54.25,51.41,50.61,50.71,51.26,51.76,52.26,52.81,53.06
62.26,54.96,51.85,51.05,51.15,51.7,52.2,52.7,53.2,53.45
63.12,55.59,51.79,50.89,50.99,51.54,52.04,52.54,53.04,53.24
61.33,55.35,51.75,50.95,51.2,51.75,52.3,52.85,53.35,53.6
62.65,56.64,52.97,51.92,52.07,52.57,53.02,53.52,53.97,54.17
63.2,57.54,53.7,52.65,52.75,53.25,53.7,54.2,54.65,54.85
64.88,57.81,54.01,52.91,53.01,53.51,53.96,54.46,54.91,55.11
65.93,58.23,53.88,52.63,52.58,52.98,53.38,53.83,54.28,54.43
63.54,56.61,52.8,51.85,51.9,52.35,52.8,53.25,53.7,53.85
62.76,56.75,52.97,52.02,52.02,52.47,52.97,53.47,53.92,54.07
57.98,54.12,53.1,53.1,53.55,54,54.45,54.9,55.05,54.35
59.72,54.94,53.39,53.19,53.59,54.04,54.49,54.94,55.04,54.29
58.22,53.82,52.42,52.27,52.67,53.17,53.67,54.17,54.27,53.52
59.57,54.41,52.71,52.36,52.71,53.21,53.71,54.16,54.26,53.51
60.19,55.24,52.94,52.29,52.59,53.09,53.59,54.04,54.14,53.44
60.64,55.66,53.21,52.56,52.86,53.36,53.86,54.31,54.41,53.71
62.51,57.12,54.57,53.77,53.97,54.42,54.92,55.37,55.47,54.77
64.02,58.97,55.82,54.77,54.87,55.27,55.72,56.12,56.17,55.47
62.02,56.52,53.72,52.82,53.02,53.52,54.02,54.52,54.62,53.92
62.62,57.06,54.16,53.16,53.36,53.86,54.36,54.81,54.91,54.26
59.54,54.9,52.45,51.7,52,52.55,53.1,53.6,53.75,53.15
58.09,53.84,51.78,51.23,51.58,52.13,52.73,53.28,53.43,52.83
55.4,52.5,51.05,50.7,51.1,51.7,52.3,52.9,53.15,52.55
55.72,52.82,51.32,50.97,51.37,51.97,52.57,53.17,53.42,52.82
55.06,53.24,51.99,51.74,52.14,52.74,53.34,53.94,54.19,53.59
57.3,54.76,53.26,52.86,53.16,53.71,54.26,54.81,55.01,54.36
58.2,54.7,53.2,52.8,53.15,53.75,54.3,54.85,55.05,54.45
58.76,54.77,53.07,52.67,52.97,53.52,54.07,54.62,54.82,54.22
59.27,55.34,53.79,53.39,53.69,54.24,54.79,55.34,55.54,54.94
62.28,56.94,54.94,54.29,54.49,54.99,55.49,55.99,56.14,55.54
61.82,55.09,53.24,52.69,52.94,53.44,53.99,54.49,54.64,54.04
54.16,52.53,52.08,52.33,52.88,53.43,53.93,54.13,53.53,52.08
53.94,52.19,51.74,51.99,52.54,53.09,53.64,53.84,53.24,51.84
54.74,52.7,52.15,52.4,52.95,53.5,54.05,54.25,53.65,52.25
54.56,52.37,51.95,52.2,52.75,53.35,53.9,54.1,53.55,52.15
54.79,52.58,52.02,52.32,52.87,53.47,54.07,54.27,53.72,52.32
54.87,52.81,52.31,52.66,53.21,53.81,54.41,54.61,54.06,52.66
54.56,52.74,52.34,52.74,53.29,53.89,54.49,54.69,54.14,52.74
54.95,53.08,52.73,53.13,53.68,54.28,54.88,55.08,54.53,53.13
56.19,53.85,53.3,53.6,54.15,54.7,55.25,55.4,54.8,53.35
55.32,53.61,53.21,53.51,54.06,54.61,55.16,55.31,54.71,53.26
54.81,53.35,52.95,53.2,53.75,54.3,54.85,55,54.4,52.95
53,51.73,51.53,51.88,52.43,53.03,53.63,53.83,53.28,51.88
52.94,51.34,51.04,51.34,51.89,52.49,53.09,53.29,52.79,51.39
55.24,53.32,52.97,53.22,53.77,54.32,54.87,55.07,54.47,53.02
54.06,52.96,52.61,52.81,53.31,53.86,54.41,54.66,54.06,52.61
54.99,54.26,53.69,53.79,54.24,54.74,55.24,55.39,54.74,53.19
54.39,53.47,53.22,53.42,53.87,54.32,54.82,54.92,54.27,52.67
54.46,53.83,53.58,53.78,54.23,54.68,55.18,55.28,54.63,52.98
54.18,53.27,53.07,53.27,53.72,54.17,54.67,54.77,54.17,52.52
54.06,53.07,52.82,53.02,53.47,53.97,54.47,54.57,53.97,52.32
52.09,51.51,51.56,51.86,52.41,52.96,53.51,53.66,53.06,51.46
50.85,51.07,51.32,51.72,52.27,52.82,53.42,53.62,53.07,51.57
51.25,51.54,51.99,52.54,53.09,53.69,53.89,53.39,51.89,50.14
51.52,51.94,52.39,52.94,53.49,54.04,54.29,53.79,52.29,50.54
50.85,51.1,51.55,52.15,52.7,53.25,53.5,53.05,51.65,50
51.04,51.41,51.91,52.51,53.06,53.66,53.96,53.51,52.16,50.51
51.78,52.16,52.61,53.21,53.76,54.31,54.61,54.16,52.76,51.06
51.4,51.86,52.31,52.91,53.46,54.01,54.26,53.81,52.41,50.71
50.79,51.28,51.78,52.38,52.98,53.53,53.78,53.33,51.98,50.33
50.88,51.38,51.88,52.48,53.08,53.63,53.88,53.43,52.08,50.48
50.95,51.5,52,52.6,53.2,53.75,54,53.55,52.2,50.6
51.55,52.06,52.56,53.11,53.71,54.26,54.51,54.06,52.71,51.06
53.34,53.75,54.15,54.65,55.15,55.65,55.85,55.35,53.9,52.2
52.5,52.86,53.26,53.71,54.16,54.66,54.91,54.41,52.96,51.26
51.12,51.45,51.95,52.5,53.05,53.55,53.85,53.4,52,50.35
51.53,51.85,52.35,52.9,53.45,53.95,54.25,53.8,52.4,50.8
51.36,51.76,52.26,52.81,53.36,53.91,54.21,53.76,52.36,50.76
51.3,51.73,52.23,52.78,53.33,53.88,54.18,53.73,52.33,50.73
51.17,51.5,52,52.55,53.1,53.65,53.95,53.5,52.1,50.5
52.34,52.52,52.92,53.42,53.92,54.47,54.77,54.27,52.82,51.12
53.64,53.77,54.07,54.52,54.97,55.42,55.62,55.02,53.52,51.77
53.95,53.9,54.2,54.65,55.05,55.45,55.6,55,53.45,51.65
55.14,55.38,55.68,55.98,56.28,56.38,55.73,54.13,52.28,50.68
54.28,54.58,54.93,55.28,55.58,55.68,55.03,53.43,51.58,49.98
54.71,54.89,55.24,55.59,55.89,55.94,55.19,53.49,51.54,49.94
54.89,55.26,55.61,55.96,56.26,56.31,55.56,53.81,51.81,50.21
55.26,55.6,55.95,56.3,56.6,56.65,55.95,54.25,52.25,50.65
55.59,55.93,56.28,56.63,56.98,57.03,56.33,54.58,52.58,50.98
56.7,57.01,57.31,57.61,57.91,57.86,57.06,55.26,53.21,51.61
56.62,56.94,57.29,57.64,57.94,57.89,57.09,55.29,53.24,51.64
57.72,57.89,58.19,58.49,58.79,58.74,57.89,56.04,53.94,52.29
57.18,57.41,57.76,58.06,58.36,58.31,57.46,55.61,53.51,51.86
56.32,56.53,56.88,57.23,57.58,57.58,56.78,54.98,52.93,51.33
56.74,56.91,57.21,57.56,57.91,57.91,57.06,55.21,53.16,51.51
56.02,56.24,56.59,56.94,57.29,57.24,56.34,54.44,52.34,50.69
55.85,56.07,56.42,56.82,57.22,57.22,56.32,54.42,52.32,50.67
55.94,56.24,56.59,56.94,57.34,57.34,56.44,54.54,52.44,50.79
55.95,56.18,56.48,56.78,57.08,57.08,56.18,54.28,52.18,50.53
56.25,56.42,56.67,56.92,57.22,57.22,56.27,54.32,52.17,50.52
55.04,55.22,55.52,55.87,56.22,56.27,55.42,53.52,51.42,49.77
55.19,55.21,55.46,55.76,56.06,56.11,55.26,53.36,51.26,49.61
55.65,55.64,55.89,56.19,56.49,56.54,55.69,53.79,51.69,50.04
57.08,56.71,56.88,57.13,57.32,57.27,56.27,54.27,52.12,50.42
57.53,57.63,57.83,58.08,57.98,56.93,54.88,52.68,50.98,50.28
58.71,58.67,58.77,58.78,58.58,57.43,55.28,53.03,51.28,50.58
58.29,58.24,58.3,58.37,58.17,57.02,54.87,52.62,50.87,50.17
57.43,57.43,57.68,57.93,57.88,56.78,54.73,52.53,50.88,50.23
58.22,58.35,58.5,58.65,58.5,57.35,55.25,53,51.35,50.7
58.79,59.09,59.24,59.39,59.19,57.94,55.79,53.54,51.84,51.14
58.49,58.75,58.95,59.15,58.95,57.7,55.55,53.3,51.6,50.9
59.56,59.85,60,60.15,59.9,58.55,56.3,53.95,52.2,51.5
60.01,60.33,60.48,60.68,60.38,59.03,56.73,54.38,52.63,51.88
60.41,60.41,60.51,60.61,60.26,58.86,56.46,54.06,52.26,51.51
59.68,59.86,60.01,60.16,59.81,58.46,56.11,53.76,52.01,51.31
61.63,61.62,61.67,61.67,61.22,59.77,57.32,54.92,53.12,52.37
62.58,62.56,62.56,62.56,62.01,60.46,57.91,55.41,53.56,52.76
61.67,61.69,61.74,61.79,61.29,59.79,57.24,54.74,52.89,52.09
60.98,61.06,61.16,61.21,60.71,59.21,56.71,54.21,52.31,51.51
62.48,62.48,62.43,62.38,61.78,60.18,57.63,55.08,53.08,52.18
61.99,61.98,61.93,61.88,61.33,59.73,57.23,54.68,52.68,51.78
61.03,61.01,61.06,61.11,60.66,59.16,56.71,54.21,52.31,51.46
61.13,61.05,61.05,61.05,60.55,59,56.5,53.95,52.05,51.15
62.04,61.97,61.87,61.67,61.12,59.57,57.02,54.42,52.47,51.52
63.67,63.64,63.44,63.24,62.49,60.74,58.09,55.39,53.34,52.34
62.82,63.12,63.07,62.97,62.22,60.47,57.82,55.12,53.07,52.07
65.07,65.03,64.95,64,62.05,59.2,56.35,54.2,53.15,52.8
64.21,64.31,64.31,63.56,61.76,59.01,56.26,54.16,53.16,52.81
65.03,65.03,64.93,64.13,62.33,59.53,56.73,54.63,53.63,53.28
66.4,66.32,66.02,65.07,63.12,60.22,57.27,55.12,54.07,53.67
65.95,65.95,65.75,64.85,63,60.15,57.25,55.1,54.05,53.65
66.67,66.65,66.4,65.5,63.6,60.7,57.7,55.5,54.45,54.05
68.19,68.15,67.8,66.7,64.7,61.65,58.5,56.2,55.05,54.65
69.17,69.14,68.64,67.39,65.24,62.09,58.79,56.34,55.14,54.74
67.94,67.93,67.34,66.09,63.89,60.69,57.34,54.89,53.69,53.29
65.29,65.31,65.13,64.08,62.18,59.18,55.98,53.63,52.43,52.03
65.59,65.49,65.19,64.19,62.34,59.39,56.24,53.94,52.74,52.39
67.87,67.53,67,65.8,63.75,60.75,57.55,55.2,54,53.65
66.77,66.5,66,65,63.1,60.2,57.05,54.75,53.55,53.2
67.42,67,66.61,65.71,63.86,61.01,57.91,55.66,54.51,54.16
67.48,67.24,66.79,65.74,63.94,61.14,58.09,55.84,54.69,54.34
69.69,69.47,68.87,67.57,65.52,62.52,59.37,57.02,55.82,55.42
71.77,71.05,70.16,68.46,66.11,62.91,59.61,57.16,55.86,55.41
70.9,70.18,69.47,67.92,65.72,62.62,59.32,56.87,55.52,54.97
71.49,71.07,70.1,68.55,66.4,63.3,60,57.55,56.2,55.65
71.51,70.75,69.75,68.15,65.9,62.7,59.35,56.85,55.45,54.9
70.76,69.74,68.14,65.89,62.69,59.34,56.84,55.44,54.89,55.09
71.98,70.66,68.71,66.11,62.66,59.16,56.51,55.01,54.41,54.56
74.69,72.98,70.68,67.78,64.33,60.73,58.03,56.48,55.83,55.98
74.43,73.01,70.76,67.66,64.16,60.41,57.66,56.01,55.36,55.51
76.49,75.3,72.85,69.45,65.8,61.9,59.05,57.35,56.7,56.85
76.19,75.68,73.43,70.18,66.53,62.63,59.78,58.08,57.43,57.58
73.97,73.78,71.98,69.13,65.73,61.98,59.18,57.58,56.98,57.13
70.92,70.78,69.58,67.33,64.18,60.58,57.93,56.43,55.83,55.98
71.43,71.26,70.16,67.91,64.81,61.21,58.56,57.06,56.46,56.61
74.07,73.68,72.33,69.73,66.43,62.73,59.98,58.38,57.73,57.88
73.07,72.73,71.58,69.23,66.03,62.38,59.68,58.08,57.48,57.63
71.56,71.2,70.4,68.55,65.55,62,59.4,57.8,57.2,57.4
72.29,71.97,71.12,69.27,66.27,62.67,60.07,58.47,57.87,58.07
74.06,73.68,72.68,70.48,67.18,63.38,60.68,58.98,58.33,58.53
73.63,73.25,72.45,70.45,67.15,63.25,60.55,58.85,58.2,58.4
73.45,73.19,72.54,70.79,67.64,63.79,61.14,59.49,58.89,59.09
70.96,70.88,70.58,69.18,66.33,62.58,60.03,58.48,57.88,58.08
70.49,70.42,70.07,68.62,65.97,62.32,59.82,58.32,57.72,57.92
71.72,71.67,71.07,69.47,66.72,62.97,60.42,58.87,58.27,58.47
71.46,71.55,71.05,69.35,66.55,62.7,60.1,58.55,57.95,58.15
69.83,69.97,69.72,68.37,65.72,62.02,59.47,57.92,57.32,57.52
68.46,68.86,68.81,67.66,65.36,61.91,59.46,57.96,57.41,57.61
66.34,66.85,66.8,65.7,63.65,60.5,58.1,56.65,56.15,56.35
66.6,66.45,65.25,63.15,60.05,57.6,56.15,55.6,55.8,56.2
65.95,65.82,64.62,62.57,59.52,57.12,55.77,55.27,55.47,55.87
65.42,65.18,64.08,62.13,59.18,56.88,55.58,55.18,55.43,55.88
66.45,66.18,64.88,62.78,59.73,57.38,56.03,55.63,55.88,56.33
66.89,66.62,65.12,62.87,59.72,57.32,55.92,55.47,55.72,56.17
68.93,68.68,67.08,64.58,61.23,58.73,57.23,56.78,57.03,57.48
68.35,68.36,66.91,64.46,61.11,58.66,57.21,56.76,57.01,57.46
68.25,68.29,66.94,64.54,61.24,58.79,57.34,56.89,57.14,57.59
71.2,70.98,69.28,66.58,63.03,60.43,58.83,58.28,58.48,58.88
73.4,72.77,70.57,67.32,63.52,60.82,59.17,58.57,58.77,59.17
72.61,72,70,66.85,63.1,60.4,58.75,58.15,58.35,58.75
71.85,71.33,69.48,66.28,62.48,59.78,58.13,57.53,57.73,58.13
73.68,73.03,70.83,67.38,63.43,60.68,58.93,58.28,58.43,58.83
72.09,71.48,69.43,65.93,61.93,59.13,57.33,56.68,56.83,57.23
73.85,73.21,71.11,67.46,63.36,60.51,58.66,58.01,58.16,58.56
72.79,72.24,70.07,66.32,62.12,59.17,57.27,56.62,56.77,57.17
72.23,71.48,69.23,65.53,61.43,58.53,56.63,55.98,56.13,56.53
71.24,70.93,68.98,65.63,61.78,58.98,57.18,56.58,56.73,57.13
71.97,71.68,69.63,66.28,62.28,59.33,57.48,56.83,56.98,57.38
73.57,71.47,68.07,64.02,61.02,59.12,58.47,58.62,59.02,59.42
74.22,71.81,68.26,64.16,61.11,59.16,58.51,58.61,58.96,59.31
73.57,71.57,68.12,64.07,61.12,59.22,58.57,58.67,59.02,59.37
75.11,73.15,69.55,65.2,62.1,60.05,59.35,59.4,59.7,60
74.66,72.93,69.58,65.33,62.23,60.18,59.48,59.58,59.93,60.23
72.13,71.18,68.58,64.73,61.73,59.73,59.08,59.18,59.53,59.83
69.62,69.1,66.8,63.2,60.3,58.4,57.75,57.85,58.2,58.5
66.82,66.67,64.67,61.32,58.42,56.57,55.87,55.97,56.27,56.57
68.67,67.99,65.59,61.99,59.04,57.19,56.49,56.59,56.89,57.19
71.71,70.39,67.44,63.39,60.34,58.39,57.64,57.74,58.04,58.34
74.82,73.22,69.72,65.22,61.97,59.97,59.22,59.32,59.62,59.92
73.54,72.3,69.1,64.85,61.6,59.6,58.85,58.95,59.25,59.55
74.18,72.83,69.63,65.38,62.13,60.13,59.38,59.48,59.78,60.08
73.78,72.6,69.6,65.5,62.2,60.1,59.3,59.35,59.65,59.9
72.97,71.95,69.15,65.2,61.9,59.8,58.95,59,59.3,59.55
71.08,70.25,67.85,64.15,61,58.95,58.1,58.15,58.45,58.7
71.4,70.65,68.25,64.6,61.5,59.45,58.6,58.65,58.95,59.2
70.06,69.68,67.68,64.18,61.13,59.08,58.28,58.33,58.63,58.88
70.55,70.13,68.18,64.78,61.78,59.73,58.93,58.98,59.28,59.53
70.57,70.05,68.15,64.9,61.95,59.9,59.05,59.05,59.35,59.6
72.84,72.07,69.67,66.07,62.97,60.87,59.97,59.97,60.27,60.52
72.11,69.67,66.02,62.87,60.72,59.77,59.77,60.02,60.27,60.52
71.29,69.08,65.63,62.53,60.43,59.48,59.48,59.73,59.98,60.23
73.64,71.17,67.47,64.17,61.92,60.87,60.82,61.02,61.27,61.52
72.49,70.44,67.04,63.79,61.54,60.49,60.44,60.64,60.89,61.14
73.43,71.22,67.67,64.42,62.17,61.12,61.07,61.27,61.52,61.77
73.05,70.88,67.33,64.08,61.83,60.78,60.73,60.93,61.18,61.43
72.15,70.18,66.68,63.48,61.28,60.28,60.28,60.53,60.78,61.03
69.7,68.27,65.22,62.22,60.22,59.27,59.32,59.62,59.87,60.12
69.42,67.96,64.96,62.01,60.06,59.11,59.16,59.46,59.76,60.01
71.42,69.62,66.57,63.57,61.57,60.62,60.67,60.97,61.27,61.52
69.92,68.28,65.33,62.43,60.53,59.63,59.73,60.03,60.33,60.58
68.44,67.19,64.49,61.74,59.94,59.14,59.29,59.64,59.99,60.29
66.94,66.07,63.92,61.47,59.82,59.12,59.32,59.67,60.02,60.37
66.03,65.21,63.26,61.06,59.46,58.76,58.96,59.31,59.66,60.01
66.89,66.09,63.94,61.59,59.89,59.14,59.34,59.69,60.04,60.39
66.35,65.52,63.37,61.12,59.42,58.67,58.87,59.22,59.57,59.92
66.77,65.68,63.33,60.93,59.23,58.53,58.73,59.08,59.43,59.78
67.29,65.81,63.19,60.64,58.89,58.19,58.39,58.79,59.19,59.54
66.83,65.61,63.16,60.71,59.06,58.36,58.56,58.96,59.36,59.76
68.84,67.07,64.32,61.67,60.02,59.37,59.57,59.97,60.42,60.82
70.34,68.06,65.01,62.21,60.51,59.81,60.01,60.41,60.81,61.21
68.65,66.16,63.49,60.94,59.34,58.69,58.89,59.34,59.74,60.19
65.28,62.78,60.43,58.98,58.38,58.63,59.08,59.53,59.98,60.48
64.18,61.91,59.96,58.81,58.21,58.46,58.91,59.36,59.81,60.31
63.32,61.5,59.7,58.55,58,58.25,58.7,59.15,59.6,60.1
61.45,59.93,58.58,57.58,57.13,57.43,57.88,58.38,58.88,59.38
60.53,59.07,57.72,56.77,56.37,56.67,57.17,57.67,58.17,58.67
61.76,59.88,58.23,57.23,56.78,57.08,57.58,58.08,58.58,59.08
61.86,59.68,57.88,56.88,56.43,56.73,57.23,57.73,58.23,58.73
60.85,58.72,56.97,56.12,55.72,56.02,56.52,57.02,57.52,58.02
59.92,58.1,56.5,55.8,55.45,55.8,56.3,56.8,57.3,57.8
60.81,58.83,57.28,56.63,56.43,56.78,57.33,57.88,58.43,58.93
59.42,57.98,56.68,56.08,55.98,56.33,56.88,57.38,57.88,58.38
59.59,58.29,57.19,56.64,56.59,56.94,57.49,57.99,58.49,58.99
58.04,56.79,55.84,55.34,55.34,55.74,56.29,56.84,57.34,57.89
57.85,56.62,55.62,55.12,55.17,55.62,56.17,56.72,57.27,57.82
55.47,54.59,53.94,53.59,53.84,54.39,54.99,55.59,56.14,56.69
56.82,55.5,54.85,54.55,54.8,55.35,56,56.6,57.15,57.65
56.68,55.26,54.51,54.26,54.56,55.16,55.81,56.46,57.01,57.56
56.03,54.59,53.94,53.74,54.04,54.64,55.29,55.94,56.54,57.09
54.76,53.44,52.99,52.99,53.39,53.99,54.69,55.34,55.94,56.49
53.18,52.74,52.79,53.24,53.84,54.54,55.24,55.89,56.49,56.84
53.34,53.38,53.48,53.93,54.53,55.28,55.98,56.63,57.23,57.58
52.54,52.83,53.03,53.53,54.18,54.93,55.68,56.33,56.93,57.28
53.43,53.64,53.74,54.19,54.79,55.49,56.19,56.84,57.44,57.79
54.08,54.53,54.63,55.08,55.68,56.38,57.08,57.73,58.33,58.68
53.08,53.63,53.93,54.48,55.08,55.78,56.48,57.13,57.73,58.08
52.83,53.32,53.72,54.27,54.92,55.62,56.32,56.97,57.57,57.92
54.08,54.51,54.76,55.21,55.81,56.51,57.21,57.86,58.46,58.81
54.22,54.58,54.78,55.23,55.83,56.53,57.23,57.88,58.48,58.83
55.33,55.35,55.5,55.85,56.45,57.1,57.75,58.35,58.9,59.25
54.3,54.46,54.76,55.16,55.81,56.51,57.21,57.86,58.41,58.76
56.18,56.19,56.34,56.69,57.29,57.94,58.59,59.19,59.74,60.09
56.29,56.36,56.51,56.81,57.36,58.01,58.66,59.26,59.81,60.16
55.94,56.03,56.18,56.48,57.03,57.68,58.33,58.93,59.48,59.78
55.98,55.85,56.05,56.4,57,57.65,58.35,58.95,59.5,59.8
55.73,55.32,55.47,55.77,56.32,56.97,57.67,58.27,58.82,59.12
56.83,55.98,55.98,56.18,56.63,57.28,57.93,58.53,59.03,59.33
55.43,54.6,54.65,54.95,55.45,56.1,56.8,57.45,57.95,58.3
56.07,55.03,55.03,55.38,55.98,56.68,57.38,58.03,58.63,58.98
56.72,54.42,54.37,54.72,55.27,55.97,56.67,57.32,57.87,58.22
53.95,53.95,54.45,55.1,55.85,56.6,57.3,57.9,58.3,58.1
52.52,52.53,53.03,53.68,54.48,55.23,55.93,56.58,56.98,56.83
53.26,53.09,53.44,54.04,54.79,55.54,56.24,56.84,57.24,57.09
53.14,52.64,52.99,53.59,54.39,55.19,55.94,56.59,56.99,56.84
53.12,52.58,52.88,53.48,54.28,55.08,55.83,56.48,56.88,56.73
52.89,52.62,52.92,53.52,54.27,55.07,55.82,56.47,56.87,56.72
53.11,52.73,52.98,53.58,54.33,55.08,55.83,56.48,56.88,56.73
54.86,54.07,54.17,54.67,55.37,56.12,56.82,57.42,57.77,57.57
53.87,53.54,53.64,54.24,54.99,55.74,56.44,57.04,57.39,57.19
54.67,54.05,54.1,54.65,55.4,56.15,56.85,57.45,57.8,57.6
54.85,53.89,53.94,54.44,55.19,55.94,56.64,57.24,57.59,57.29
53.48,52.67,52.87,53.47,54.27,55.07,55.82,56.42,56.77,56.52
54,52.99,53.09,53.69,54.49,55.29,56.04,56.69,57.04,56.79
54.68,53.35,53.4,53.9,54.7,55.45,56.2,56.85,57.2,56.95
55.48,53.82,53.92,54.42,55.17,55.92,56.62,57.27,57.62,57.32
54.83,52.92,53.12,53.67,54.42,55.17,55.87,56.52,56.87,56.57
55.65,53.33,53.43,53.98,54.68,55.43,56.13,56.78,57.13,56.83
55.89,54.08,54.13,54.63,55.33,56.08,56.78,57.43,57.78,57.48
55.9,53.78,53.83,54.33,55.03,55.78,56.48,57.13,57.48,57.18
56.53,53.68,53.68,54.18,54.88,55.58,56.28,56.93,57.28,56.98
58.91,55.01,54.76,55.16,55.81,56.46,57.11,57.71,58.06,57.71
58.07,54.92,54.74,55.14,55.79,56.44,57.09,57.69,58.04,57.69
54.33,54.26,54.66,55.31,55.96,56.61,57.21,57.56,57.21,55.91
53.02,53.2,53.7,54.4,55.1,55.8,56.45,56.8,56.45,55.15
53.05,53.19,53.74,54.49,55.24,55.99,56.64,57.04,56.74,55.49
53.53,53.54,54.04,54.79,55.54,56.29,56.94,57.34,57.04,55.79
53.08,53.36,53.86,54.61,55.36,56.11,56.76,57.16,56.91,55.66
54.38,54.6,55,55.7,56.45,57.2,57.85,58.25,57.95,56.7
54.52,54.7,55.1,55.8,56.5,57.25,57.85,58.25,57.95,56.7
56.65,56.73,57.03,57.63,58.28,58.98,59.58,59.93,59.58,58.28
56.48,56.65,57,57.6,58.25,58.9,59.5,59.85,59.45,58.1
56.42,56.63,57.03,57.63,58.28,58.93,59.53,59.88,59.48,58.13
56.48,56.63,57.03,57.63,58.28,58.93,59.53,59.88,59.48,58.13
58.47,58.57,58.87,59.42,59.3,60.62,61.12,61.42,60.97,59.57
57.92,58.05,58.45,59,59.6,60.2,60.7,61,60.55,59.15
57.64,57.67,58.07,58.62,59.22,59.82,60.32,60.62,60.17,58.77
57.55,57.68,58.13,58.73,59.38,60.03,60.58,60.88,60.43,59.03
57.8,57.85,58.3,58.9,59.55,60.2,60.75,61.05,60.6,59.15
57.52,57.48,57.88,58.48,59.08,59.73,60.28,60.58,60.13,58.68
55.27,55.22,55.67,56.32,57.02,57.67,58.27,58.62,58.22,56.82
55.39,55.31,55.76,56.51,57.26,57.96,58.61,58.96,58.61,57.26
56,56.02,56.59,57.37,58.15,58.92,59.67,60.02,59.67,58.32
56.49,55.84,56.29,57.04,57.79,58.49,59.19,59.54,59.19,57.84
56.32,56.74,57.49,58.24,58.94,59.64,59.99,59.64,58.29,56.79
54.62,55.13,55.88,56.68,57.43,58.18,58.58,58.28,56.98,55.53
54.16,54.72,55.52,56.37,57.17,57.92,58.32,58.22,57.02,55.67
53.32,53.77,54.62,55.47,56.32,57.12,57.57,57.52,56.42,55.17
51.52,52.36,53.26,54.16,55.06,55.91,56.46,56.46,55.46,54.26
51.5,52.21,53.11,54.01,54.91,55.76,56.36,56.46,55.51,54.36
51.65,52.39,53.29,54.19,55.09,55.94,56.54,56.64,55.69,54.54
51.52,52.1,53,53.9,54.8,55.65,56.25,56.35,55.5,54.4
51.62,52.3,53.2,54.1,55,55.85,56.4,56.5,55.6,54.45
51.64,52.14,53.04,53.94,54.84,55.69,56.24,56.34,55.44,54.29
51.94,52.36,53.26,54.16,55.06,55.91,56.46,56.56,55.66,54.46
52.45,52.89,53.74,54.64,55.49,56.29,56.79,56.84,55.89,54.64
51.44,51.9,52.7,53.65,54.55,55.35,55.9,56.05,55.2,54
51.45,51.76,52.51,53.46,54.36,55.16,55.71,55.86,55.01,53.76
51.33,51.56,52.36,53.36,54.31,55.16,55.71,55.86,55.01,53.76
51.92,52.18,52.93,53.93,54.88,55.73,56.28,56.43,55.63,54.43
51.57,51.86,52.61,53.56,54.51,55.36,55.91,56.06,55.26,54.06
52.99,53.17,53.82,54.67,55.57,56.37,56.82,56.87,56.02,54.77
52.02,52.22,52.92,53.82,54.72,55.52,56.02,56.07,55.27,54.07
53.33,53.47,54.07,54.92,55.77,56.57,57.02,57.07,56.22,54.92
53.7,53.85,54.4,55.2,56,56.75,57.2,57.25,56.4,55.1
54.84,55.31,56.01,56.76,57.46,57.86,57.86,56.91,55.51,54.36
54.92,55.42,56.12,56.87,57.57,57.97,58.02,57.07,55.67,54.52
52.76,53.31,54.11,54.96,55.76,56.21,56.31,55.46,54.16,53.06
52.78,53.45,54.3,55.2,56.05,56.55,56.7,55.9,54.6,53.55
53,53.74,54.59,55.49,56.34,56.84,56.99,56.19,54.89,53.79
52.65,53.3,54.15,55.05,55.9,56.4,56.55,55.75,54.45,53.35
52.11,52.79,53.59,54.49,55.34,55.84,56.09,55.34,54.14,53.09
52.35,53,53.75,54.65,55.5,56.05,56.3,55.55,54.35,53.3
51.67,52.51,53.26,54.16,55.01,55.61,55.91,55.21,54.01,52.96
52.95,53.63,54.33,55.18,55.98,56.53,56.78,56.03,54.78,53.73
52.68,53.35,54.1,55,55.8,56.4,56.7,55.95,54.7,53.65
53.89,54.33,54.98,55.83,56.63,57.18,57.43,56.63,55.33,54.18
52.22,52.67,53.42,54.32,55.17,55.77,56.07,55.32,54.07,52.97
52.35,52.89,53.59,54.49,55.34,55.94,56.24,55.49,54.24,53.14
52.7,53.28,53.93,54.78,55.58,56.08,56.33,55.53,54.23,53.08
53.28,53.83,54.48,55.33,56.13,56.63,56.73,55.93,54.63,53.53
53.39,53.97,54.62,55.47,56.27,56.77,56.87,56.12,54.87,53.77
53.99,54.64,55.24,55.94,56.69,57.14,57.14,56.29,54.94,53.79
54.14,54.51,55.11,55.81,56.56,57.01,57.01,56.21,54.86,53.71
54.31,54.67,55.32,56.02,56.72,57.17,57.17,56.37,55.02,53.87
55.78,56.12,56.67,57.32,57.97,58.37,58.22,57.37,55.97,54.77
55.61,56.19,56.79,57.49,58.19,58.54,58.39,57.44,55.94,54.74
56.56,57.08,57.73,58.38,58.68,58.53,57.53,55.98,54.73,54.38
58.44,58.96,59.51,60.06,60.31,60.01,58.86,57.16,55.81,55.36
58.32,58.82,59.32,59.87,60.12,59.82,58.62,56.82,55.42,54.92
56.98,57.63,58.23,58.88,59.28,59.18,58.08,56.48,55.18,54.78
55.3,56.22,56.9,57.72,58.22,58.27,57.37,55.92,54.72,54.37
54.29,55.26,56.06,56.91,57.46,57.61,56.76,55.31,54.11,53.76
54.36,55.32,56.12,56.92,57.47,57.62,56.77,55.32,54.12,53.77
55.1,55.96,56.76,57.56,58.11,58.21,57.31,55.86,54.66,54.31
56.04,56.88,57.63,58.38,58.93,59.03,58.08,56.58,55.33,54.93
55.87,56.73,57.48,58.23,58.73,58.73,57.73,56.18,54.93,54.53
55.25,56.1,56.95,57.75,58.35,58.4,57.45,55.95,54.75,54.35
55.09,55.89,56.74,57.54,58.14,58.24,57.29,55.79,54.59,54.19
55.71,56.5,57.3,58.1,58.7,58.75,57.8,56.3,55.1,54.7
55.1,56.06,56.91,57.71,58.31,58.36,57.41,55.91,54.71,54.31
53.48,54.38,55.33,56.18,56.78,56.88,56.03,54.63,53.53,53.18
53.41,54.22,55.17,56.07,56.67,56.82,56.07,54.67,53.62,53.32
52.2,52.93,53.98,54.98,55.63,55.93,55.28,53.98,52.98,52.73
52.09,52.7,53.75,54.8,55.5,55.8,55.2,53.95,52.95,52.7
53.26,54.08,55.08,56.08,56.78,57.08,56.43,55.13,54.08,53.83
52.51,53.58,54.63,55.68,56.38,56.68,56.13,54.88,53.83,53.58
51.85,53.22,54.32,55.47,56.17,56.47,55.97,54.77,53.77,53.57
53.4,54.5,55.63,56.33,56.63,56.13,54.93,53.93,53.73,53.83
53.35,54.43,55.58,56.33,56.63,56.13,54.93,53.93,53.73,53.83
52.54,53.73,54.93,55.73,56.08,55.68,54.53,53.58,53.43,53.53
53.78,54.88,55.93,56.63,56.93,56.43,55.18,54.13,53.93,54.08
53.14,54.38,55.43,56.18,56.53,56.08,54.98,53.88,53.68,53.83
52.83,54.19,55.29,56.04,56.39,55.94,54.79,53.69,53.49,53.64
51.57,53.22,54.47,55.37,55.77,55.52,54.52,53.52,53.37,53.52
52.05,53.55,54.7,55.55,55.95,55.65,54.65,53.6,53.4,53.55
52.58,53.98,55.08,55.88,56.23,55.88,54.78,53.68,53.43,53.53
52.52,53.72,54.82,55.62,55.92,55.52,54.37,53.27,52.92,52.97
53.85,54.99,56.02,56.77,56.97,56.52,55.32,54.17,53.82,53.87
53.35,54.43,55.48,56.23,56.43,55.98,54.78,53.63,53.28,53.33
53.44,54.49,55.49,56.19,56.39,55.84,54.64,53.49,53.14,53.14
53.45,54.47,55.47,56.17,56.37,55.82,54.62,53.47,53.12,53.12
54.73,55.57,56.42,57.02,57.17,56.52,55.22,54.02,53.62,53.62
54.64,55.5,56.4,57.05,57.2,56.55,55.25,54.05,53.65,53.65
55.24,56.05,56.9,57.55,57.75,57.05,55.75,54.55,54.1,54.1
56.51,57.37,58.17,58.77,58.92,58.17,56.77,55.52,55.07,55.02
57.92,58.87,59.57,60.02,60.12,59.17,57.57,56.22,55.72,55.67
58.22,59.25,60,60.5,60.55,59.6,58,56.65,56.15,56.1
57.93,58.77,59.7,60.25,60.35,59.45,57.85,56.5,56,55.95
58.19,59.23,59.83,59.98,59.13,57.53,56.18,55.68,55.63,56.08
59.8,60.71,61.21,61.26,60.26,58.51,57.06,56.51,56.41,56.81
62.01,62.8,63.15,63.15,61.95,59.7,57.95,57.3,57.1,57.5
59.69,60.68,61.13,61.23,60.13,58.03,56.38,55.78,55.63,56.03
59.6,60.7,61.2,61.35,60.35,58.35,56.75,56.15,56,56.4
60.16,61.26,61.76,61.86,60.86,58.86,57.26,56.66,56.51,56.91
60.08,61.17,61.77,61.87,60.87,58.92,57.37,56.82,56.72,57.12
59.95,61.14,61.74,61.89,60.94,59.04,57.49,56.94,56.84,57.24
58.27,59.46,60.16,60.36,59.51,57.76,56.31,55.76,55.66,56.06
57.01,58.17,58.92,59.22,58.52,56.97,55.62,55.12,55.02,55.42
56.94,57.96,58.66,58.96,58.26,56.71,55.36,54.86,54.76,55.16
58.01,58.98,59.58,59.78,58.98,57.33,55.88,55.33,55.23,55.63
57.4,58.14,58.74,58.94,58.14,56.49,55.04,54.49,54.39,54.79
57.82,58.7,59.3,59.45,58.7,57.05,55.6,55.05,54.95,55.4
57.64,58.66,59.31,59.51,58.76,57.11,55.66,55.11,55.01,55.41
58.77,59.76,60.34,60.49,59.69,57.99,56.54,55.99,55.89,56.29
58.09,59.02,59.62,59.82,59.12,57.47,56.02,55.47,55.37,55.77
57.03,57.99,58.69,58.99,58.44,56.94,55.59,55.14,55.09,55.49
57.74,58.71,59.41,59.71,59.16,57.66,56.31,55.86,55.81,56.21
56.52,57.4,58.1,58.4,57.9,56.45,55.1,54.65,54.6,55
57.19,58.18,58.88,59.18,58.58,57.08,55.73,55.28,55.23,55.63
58.12,59.26,59.91,60.11,59.31,57.61,56.16,55.66,55.56,55.96
57.77,58.93,59.68,59.88,59.08,57.38,55.93,55.43,55.33,55.73
58.78,59.61,59.81,59.01,57.31,55.86,55.36,55.26,55.66,56.31
58.11,58.91,59.11,58.31,56.66,55.21,54.71,54.61,55.01,55.66
57.18,58.07,58.32,57.77,56.27,54.92,54.47,54.37,54.77,55.42
57.43,58.29,58.54,57.99,56.54,55.24,54.79,54.69,55.09,55.74
57.99,58.94,59.14,58.49,56.94,55.59,55.09,54.99,55.39,56.04
57.28,58.12,58.32,57.67,56.12,54.77,54.27,54.17,54.57,55.22
57.82,58.6,58.8,58.1,56.55,55.2,54.7,54.6,55,55.65
57.92,58.66,58.81,58.06,56.51,55.11,54.61,54.51,54.91,55.56
58.62,59.26,59.26,58.41,56.76,55.36,54.81,54.66,55.06,55.71
59.54,60.11,60.01,59.01,57.31,55.81,55.21,55.01,55.41,56.06
57.85,58.43,58.43,57.58,55.98,54.58,54.03,53.88,54.28,54.93
57.61,58.08,58.03,57.18,55.63,54.28,53.78,53.63,54.03,54.68
56.67,57.37,57.37,56.72,55.32,54.07,53.62,53.52,53.92,54.57
55.45,56.19,56.34,55.89,54.69,53.64,53.29,53.24,53.69,54.39
55.48,56.26,56.46,56.06,54.86,53.81,53.46,53.41,53.86,54.56
55.6,56.34,56.59,56.19,54.99,53.94,53.59,53.54,53.99,54.69
55.49,56.22,56.52,56.17,55.02,53.97,53.62,53.62,54.07,54.77
53.1,54.29,54.89,54.71,53.81,52.86,52.56,52.56,53.01,53.71
52.71,53.45,53.55,52.9,52.25,52.05,52.1,52.6,53.35,54.1
53.25,53.87,53.97,53.37,52.72,52.52,52.62,53.12,53.87,54.62
53.5,54.09,54.14,53.44,52.74,52.49,52.54,53.04,53.79,54.54
53.35,53.94,53.94,53.24,52.49,52.24,52.29,52.79,53.54,54.29
53.38,53.96,53.91,53.21,52.46,52.21,52.26,52.76,53.51,54.26
53.52,54.05,53.95,53.25,52.55,52.3,52.35,52.85,53.6,54.35
53.12,53.66,53.56,52.86,52.16,51.91,51.96,52.46,53.21,53.96
51.66,52.44,52.59,52.09,51.59,51.44,51.54,52.09,52.89,53.69
51.45,52.18,52.38,51.98,51.53,51.43,51.53,52.08,52.88,53.68
51.82,52.38,52.48,52.03,51.53,51.38,51.48,52.03,52.83,53.58
51.51,52.09,52.24,51.84,51.34,51.19,51.34,51.89,52.69,53.44
51.59,52.06,52.21,51.81,51.31,51.11,51.31,51.86,52.66,53.41
51.78,52.19,52.39,51.99,51.49,51.29,51.49,52.04,52.84,53.59
52.64,53.09,53.24,52.79,52.24,51.99,52.14,52.69,53.49,54.24
51.96,52.37,52.57,52.22,51.77,51.57,51.72,52.27,53.07,53.82
51.15,51.51,51.71,51.46,51.06,50.91,51.16,51.71,52.51,53.26
50.73,51.2,51.4,51.25,50.95,50.85,51.2,51.8,52.6,53.4
50.73,51.14,51.34,51.19,50.89,50.79,51.14,51.74,52.54,53.34
50.04,50.54,50.79,50.69,50.39,50.29,50.64,51.24,52.04,52.84
49.09,49.58,49.88,49.88,49.78,49.73,50.08,50.68,51.48,52.28
49.46,49.9,50.1,50.05,49.95,49.9,50.25,50.9,51.7,52.5
49.08,49.72,49.87,49.87,49.77,49.72,50.07,50.72,51.52,52.32
49.41,49.62,49.67,49.67,49.67,50.02,50.67,51.47,52.27,53.07
47.92,48.23,48.38,48.48,48.53,48.98,49.68,50.53,51.38,52.23
47.76,48.18,48.38,48.53,48.63,49.08,49.78,50.63,51.48,52.33
47.33,47.81,48.11,48.31,48.46,48.91,49.61,50.46,51.31,52.16
47.75,48.21,48.46,48.61,48.76,49.21,49.91,50.71,51.51,52.31
46.7,47.2,47.55,47.8,48,48.5,49.2,50,50.8,51.65
46.21,46.81,47.21,47.56,47.81,48.31,49.01,49.81,50.61,51.46
46.09,46.7,47.1,47.45,47.75,48.25,48.95,49.75,50.55,51.4
46.28,46.85,47.2,47.5,47.8,48.3,49,49.8,50.6,51.45
46.23,46.69,46.97,47.27,47.57,48.12,48.82,49.62,50.42,51.22
46.75,47.25,47.5,47.8,48.1,48.6,49.3,50.1,50.9,51.7
46.39,46.85,47.1,47.35,47.65,48.15,48.85,49.65,50.45,51.25
46.25,46.6,46.9,47.15,47.45,47.95,48.65,49.45,50.25,51.05
45.62,45.93,46.28,46.58,46.93,47.48,48.18,49.03,49.83,50.68
44.44,44.85,45.35,45.8,46.2,46.8,47.55,48.4,49.2,50.05
47.19,47.57,47.92,48.27,48.57,49.07,49.77,50.57,51.37,52.17
47.25,47.71,48.11,48.51,48.81,49.31,50.01,50.81,51.61,52.41
47.76,48.24,48.64,49.04,49.34,49.84,50.54,51.34,52.14,52.94
49.28,49.9,50.2,50.45,50.65,51.1,51.7,52.45,53.2,53.95
47.58,48.11,48.51,48.81,49.06,49.51,50.16,50.91,51.66,52.41
47.38,47.81,48.16,48.46,48.96,49.61,50.41,51.21,52.01,52.76
46.05,46.58,47.03,47.43,48.03,48.73,49.53,50.33,51.13,51.93
45.54,46.17,46.67,47.12,47.72,48.42,49.27,50.07,50.87,51.67
46.21,46.74,47.24,47.69,48.29,48.99,49.84,50.64,51.49,52.29
46.33,46.79,47.24,47.69,48.24,48.89,49.69,50.49,51.29,52.09
45.95,46.55,47.05,47.5,48.1,48.8,49.6,50.4,51.2,52
45.44,45.99,46.54,47.04,47.69,48.39,49.24,50.04,50.84,51.64
45.06,45.65,46.2,46.7,47.35,48.1,48.95,49.8,50.65,51.45
44.57,45.24,45.84,46.44,47.14,47.89,48.79,49.69,50.54,51.39
44.72,45.49,46.09,46.69,47.39,48.14,49.04,49.94,50.84,51.69
43.74,44.52,45.22,45.92,46.72,47.57,48.47,49.37,50.27,51.17
45.34,46.1,46.75,47.45,48.25,49.1,50,50.9,51.8,52.7
45.35,45.9,46.5,47.1,47.85,48.65,49.55,50.4,51.25,52.1
44.72,45.22,45.82,46.42,47.17,47.97,48.87,49.72,50.57,51.42
42.53,43.1,43.8,44.55,45.45,46.35,47.3,48.25,49.2,50.15
42.67,43.16,43.81,44.56,45.46,46.36,47.36,48.31,49.26,50.21
43.08,43.6,44.15,44.85,45.7,46.6,47.6,48.55,49.5,50.45
43.15,43.59,44.04,44.64,45.39,46.29,47.24,48.14,49.04,49.94
42.8,43.46,44.01,44.71,45.51,46.41,47.41,48.36,49.26,50.16
42.92,43.55,44.3,45.15,46.1,47.1,48.05,48.95,49.8,50.35
42.86,43.55,44.35,45.25,46.2,47.25,48.25,49.2,50.05,50.6
42.93,43.53,44.28,45.18,46.13,47.18,48.18,49.13,49.98,50.53
43.05,43.6,44.35,45.25,46.2,47.25,48.25,49.2,50.05,50.6
42.15,42.85,43.65,44.6,45.55,46.6,47.6,48.55,49.4,49.95
40.93,41.62,42.52,43.52,44.62,45.72,46.77,47.77,48.62,49.22
40.83,41.49,42.39,43.39,44.49,45.59,46.64,47.64,48.49,49.09
40.27,41.09,42.04,43.04,44.14,45.24,46.34,47.39,48.24,48.84
40.26,41.05,41.95,42.95,44.05,45.15,46.25,47.3,48.15,48.75
40.25,40.85,41.7,42.7,43.8,44.9,46,47.05,47.9,48.5
38.52,39.21,40.11,41.11,42.26,43.41,44.56,45.61,46.51,47.16
38.48,39,39.8,40.8,41.95,43.1,44.25,45.3,46.2,46.85
41.05,41.57,42.27,43.22,44.32,45.42,46.57,47.62,48.52,49.17
40.75,41.24,41.89,42.79,43.89,44.99,46.14,47.19,48.09,48.74
40.7,41.12,41.72,42.62,43.67,44.77,45.87,46.87,47.77,48.42
45.16,45.58,45.72,46.47,47.32,48.32,49.32,50.22,51.02,51.57
44.05,44.36,44.91,45.66,46.56,47.56,48.56,49.46,50.26,50.81
45.12,45.49,46.04,46.79,47.64,48.64,49.64,50.54,51.34,51.89
45.73,46.18,46.78,47.53,48.38,49.38,50.38,51.28,52.08,52.58
45.45,45.97,46.57,47.32,48.17,49.17,50.17,51.07,51.87,52.37
44.18,44.74,45.34,46.14,47.04,48.04,49.04,49.94,50.74,51.29
43.02,43.42,44.06,44.91,45.81,46.86,47.91,48.81,49.66,50.21
43.18,43.83,44.68,45.63,46.68,47.73,48.68,49.53,50.13,50.28
43.22,44.04,44.94,45.89,46.94,47.99,48.94,49.79,50.44,50.64
43.97,44.81,45.71,46.66,47.71,48.76,49.71,50.56,51.16,51.31
42.83,43.62,44.57,45.57,46.62,47.67,48.67,49.57,50.22,50.42
42.46,43.28,44.23,45.23,46.28,47.33,48.33,49.23,49.88,50.08
43.2,43.93,44.88,45.88,46.88,47.93,48.93,49.83,50.48,50.68
43.33,44.13,45.03,45.98,46.98,48.03,49.03,49.93,50.58,50.78
42.81,43.63,44.58,45.58,46.63,47.68,48.68,49.58,50.23,50.53
42.54,43.36,44.31,45.31,46.36,47.41,48.41,49.31,49.96,50.26
43.62,44.28,45.18,46.13,47.13,48.13,49.08,49.93,50.53,50.78
44.6,45.23,46.08,46.98,47.93,48.88,49.78,50.58,51.18,51.38
43.76,44.34,45.09,45.99,46.94,47.89,48.79,49.59,50.19,50.39
43.67,44.3,45.1,46.05,47,47.95,48.85,49.65,50.25,50.45
44.04,44.68,45.43,46.33,47.28,48.23,49.13,49.93,50.53,50.73
43.06,43.69,44.44,45.39,46.34,47.34,48.29,49.14,49.74,50.04
42.84,43.31,44.06,45.06,46.06,47.06,48.06,48.91,49.56,49.86
42.9,43.37,44.12,45.12,46.12,47.12,48.12,49.02,49.72,50.07
43.08,43.61,44.41,45.41,46.41,47.41,48.41,49.31,50.01,50.41
43.84,44.44,45.19,46.14,47.09,48.04,49.04,49.94,50.64,51.04
43.08,43.64,44.39,45.39,46.39,47.34,48.34,49.24,49.94,50.34
42.75,44.21,45.01,46.01,47.01,48.01,49.01,49.96,50.66,51.06
45.78,46.54,47.44,48.34,49.24,50.14,51.04,51.74,52.14,51.49
45.42,46.24,47.14,48.04,48.94,49.84,50.74,51.44,51.84,51.19
44.3,45.24,46.24,47.24,48.24,49.19,50.14,50.94,51.44,50.84
43.82,44.84,45.84,46.89,47.94,48.94,49.94,50.74,51.24,50.64
43.58,44.54,45.59,46.69,47.74,48.79,49.79,50.64,51.19,50.64
43.01,44.03,45.13,46.28,47.38,48.48,49.53,50.43,50.98,50.48
42.91,43.91,45.01,46.16,47.26,48.36,49.41,50.31,50.86,50.36
43.16,44.11,45.11,46.26,47.36,48.41,49.46,50.36,50.91,50.41
42.65,43.56,44.56,45.71,46.86,47.96,49.01,49.91,50.51,50.01
42.63,43.61,44.61,45.76,46.86,47.91,48.96,49.86,50.46,49.96
41.64,42.61,43.66,44.86,46.01,47.11,48.21,49.16,49.81,49.36
40.99,42.03,43.18,44.38,45.58,46.68,47.78,48.78,49.48,49.03
40.95,42.04,43.19,44.44,45.64,46.74,47.84,48.84,49.59,49.24
39.28,40.17,41.32,42.62,43.87,45.02,46.17,47.22,47.97,47.67
39.79,40.68,41.83,43.18,44.53,45.73,46.93,48.03,48.83,48.58
39.71,40.64,41.79,43.09,44.44,45.64,46.84,47.89,48.69,48.49
39.39,40.25,41.45,42.85,44.25,45.5,46.75,47.8,48.6,48.4
39.88,40.71,41.86,43.21,44.56,45.76,46.96,48.01,48.81,48.81
38.98,40,41.2,42.65,44.05,45.35,46.65,47.75,48.6,48.8
39.1,40.37,41.67,43.12,44.52,45.82,47.12,48.22,49.07,49.27
39.62,41.02,42.52,43.97,45.27,46.57,47.67,48.52,48.82,48.02
39.44,40.81,42.31,43.76,45.11,46.41,47.51,48.36,48.66,47.86
38.72,40.16,41.71,43.21,44.61,45.96,47.11,48.01,48.36,47.86
39.5,40.95,42.45,43.9,45.25,46.55,47.65,48.5,48.85,48.35
39.33,40.83,42.38,43.93,45.33,46.68,47.78,48.63,48.98,48.48
39.1,40.46,42.01,43.51,44.91,46.26,47.31,48.16,48.51,48.16
38.57,39.92,41.42,42.92,44.27,45.62,46.67,47.52,47.87,47.57
38.83,40.08,41.58,43.08,44.43,45.78,46.88,47.73,48.08,47.83
38.05,39.28,40.78,42.28,43.68,45.03,46.13,46.98,47.33,47.13
38.12,39.28,40.83,42.38,43.83,45.18,46.28,47.18,47.58,47.43
36.7,37.9,39.55,41.2,42.75,44.2,45.4,46.4,46.85,46.85
36.97,38.12,39.82,41.52,43.17,44.67,45.87,46.87,47.32,47.37
37.32,38.6,40.3,42.05,43.7,45.2,46.4,47.35,47.8,47.8
36.91,38.05,39.8,41.6,43.3,44.85,46.05,47.05,47.55,47.6
37.4,38.54,40.09,41.79,43.44,44.94,46.14,47.09,47.54,47.54
38.32,39.51,40.91,42.46,44.01,45.41,46.51,47.36,47.76,47.71
39.98,41.02,42.22,43.57,44.92,46.17,47.12,47.82,48.02,47.87
40.45,41.39,42.59,43.94,45.29,46.54,47.49,48.19,48.39,48.24
38.8,39.71,41.01,42.46,43.91,45.26,46.26,46.96,47.21,47.11
38.65,39.55,40.85,42.3,43.75,45.1,46.1,46.8,47,46.9
38.55,39.34,40.54,41.99,43.44,44.79,45.79,46.44,46.64,46.59
38.15,39.15,40.4,41.85,43.3,44.65,45.65,46.3,46.5,46.45
39.39,40.69,42.14,43.59,44.94,45.94,46.59,46.79,46.74,46.49
39.38,40.61,42.01,43.41,44.76,45.76,46.31,46.51,46.46,46.21
38.01,39.21,40.66,42.11,43.51,44.56,45.21,45.46,45.46,45.26
37.6,38.91,40.41,41.91,43.31,44.41,45.06,45.31,45.31,45.11
37.82,39.2,40.7,42.2,43.65,44.75,45.4,45.65,45.65,45.45
37.92,39.26,40.76,42.31,43.76,44.81,45.46,45.71,45.71,45.51
37.52,38.93,40.43,41.98,43.43,44.48,45.08,45.28,45.28,45.08
37.66,38.94,40.29,41.79,43.19,44.19,44.79,44.94,44.89,44.69
38.86,40.03,41.23,42.63,43.93,44.88,45.43,45.53,45.48,45.33
39.32,40.49,41.69,43.14,44.44,45.34,45.89,46.04,45.94,45.79
38.51,39.84,41.09,42.54,43.89,44.89,45.49,45.69,45.64,45.49
37.48,38.87,40.17,41.62,42.97,43.97,44.62,44.82,44.77,44.67
36.3,37.63,38.98,40.53,41.98,43.03,43.78,44.13,44.13,44.08
36.84,38.16,39.56,41.16,42.66,43.76,44.51,44.86,44.91,44.91
36.32,37.99,39.44,41.09,42.64,43.79,44.59,44.99,45.04,45.04
35.43,37.11,38.66,40.41,42.06,43.26,44.06,44.46,44.56,44.61
35.55,37.02,38.57,40.27,41.87,43.02,43.82,44.22,44.32,44.37
36.15,37.6,39.1,40.7,42.3,43.45,44.25,44.65,44.75,44.8
35.99,37.37,38.87,40.47,42.07,43.22,44.02,44.42,44.52,44.57
35.33,36.63,38.18,39.83,41.43,42.63,43.43,43.83,43.98,44.03
35.31,36.73,38.33,40.08,41.78,42.98,43.83,44.23,44.38,44.43
35.34,36.73,38.33,40.03,41.63,42.83,43.68,44.08,44.23,44.28
35.81,37.49,39.19,40.84,42.04,42.89,43.29,43.44,43.54,43.84
36.24,37.84,39.44,41.09,42.29,43.14,43.54,43.69,43.74,43.99
35.77,37.37,39.02,40.72,41.97,42.87,43.32,43.52,43.62,43.92
36.33,37.83,39.43,41.08,42.33,43.28,43.73,43.93,44.03,44.33
36.72,38.23,39.83,41.43,42.63,43.53,43.93,44.08,44.18,44.48
34.44,35.98,37.68,39.38,40.68,41.58,42.03,42.18,42.23,42.53
34.02,35.61,37.36,39.11,40.46,41.41,41.91,42.11,42.21,42.56
34.13,35.67,37.32,39.02,40.37,41.32,41.82,42.02,42.12,42.47
35.22,36.76,38.31,39.96,41.26,42.16,42.61,42.81,42.91,43.26
35.14,36.6,38.1,39.7,40.95,41.85,42.25,42.4,42.5,42.85
34.95,36.3,37.8,39.4,40.65,41.55,42,42.15,42.25,42.6
34.1,35.53,37.08,38.73,40.03,40.98,41.43,41.63,41.73,42.08
34.03,35.3,36.95,38.65,40,41,41.5,41.7,41.8,42.15
35.22,36.5,38.05,39.65,40.95,41.95,42.5,42.7,42.85,43.25
34.2,35.44,36.99,38.59,39.89,40.89,41.44,41.64,41.79,42.19
34.76,35.77,37.27,38.87,40.17,41.17,41.72,41.92,42.07,42.47
35.31,36.31,37.71,39.26,40.56,41.51,42.06,42.21,42.36,42.76
35.24,36.2,37.52,38.97,40.27,41.22,41.72,41.87,42.02,42.37
34.29,35.18,36.53,38.08,39.43,40.43,40.98,41.23,41.48,41.88
34.97,35.74,36.99,38.49,39.84,40.89,41.44,41.69,41.94,42.34
35.29,35.69,36.85,38.24,39.54,40.54,41.09,41.34,41.59,41.99
37.26,38.28,39.58,40.83,41.83,42.33,42.53,42.78,43.13,43.43
37.06,38.13,39.48,40.73,41.68,42.18,42.38,42.58,42.93,43.23
39.61,40.77,42.01,43.16,44.06,44.46,44.56,44.66,44.96,45.21
39.13,40.38,41.63,42.83,43.68,44.08,44.18,44.28,44.58,44.83
38.61,39.96,41.26,42.46,43.31,43.71,43.81,43.91,44.21,44.46
38.65,39.87,41.07,42.22,43.02,43.37,43.42,43.47,43.72,43.97
40.84,41.84,42.89,43.89,44.59,44.79,44.79,44.79,45.04,45.29
40.56,41.55,42.55,43.5,44.15,44.25,44.15,44.1,44.3,44.5
40.55,41.58,42.58,43.53,44.18,44.28,44.18,44.13,44.33,44.53
40.25,41.3,42.35,43.35,44,44.15,44.05,44,44.25,44.45
39.83,41.02,42.17,43.22,43.92,44.12,44.07,44.02,44.27,44.52
40.54,41.66,42.76,43.71,44.36,44.51,44.46,44.36,44.61,44.86
42.28,43.27,44.27,45.12,45.72,45.82,45.67,45.52,45.72,45.92
41.99,43.01,44.01,44.81,45.41,45.51,45.41,45.31,45.51,45.71
42.16,43.21,44.26,45.11,45.76,45.91,45.86,45.76,45.96,46.21
41.91,43.17,44.27,45.12,45.77,45.97,45.92,45.82,45.97,46.22
42.39,43.74,44.84,45.74,46.34,46.49,46.39,46.29,46.44,46.64
41.82,43.03,44.18,45.18,45.83,45.98,45.88,45.78,45.93,46.13
41.73,42.95,44.05,45,45.65,45.8,45.7,45.6,45.75,45.95
41.86,43.32,44.42,45.37,46.02,46.17,46.12,46.07,46.22,46.42
42.11,43.4,44.64,45.59,46.29,46.49,46.49,46.49,46.64,46.89
41.56,42.84,43.89,44.59,44.84,44.84,44.84,44.99,45.24,45.84
42.23,43.45,44.55,45.25,45.45,45.45,45.45,45.6,45.85,46.45
41.89,43.14,44.19,44.84,45.04,44.99,44.94,45.09,45.34,45.94
42.37,43.61,44.61,45.21,45.36,45.26,45.21,45.36,45.61,46.21
40.94,42.36,43.51,44.26,44.51,44.46,44.46,44.66,44.91,45.51
39.45,40.92,42.12,42.97,43.27,43.27,43.32,43.57,43.87,44.52
39.37,40.87,42.07,42.92,43.27,43.27,43.37,43.62,43.97,44.62
38.6,40.24,41.44,42.29,42.64,42.69,42.79,43.04,43.39,44.04
38.59,40.09,41.29,42.14,42.54,42.59,42.74,43.04,43.39,44.04
38.16,39.63,40.83,41.68,42.08,42.13,42.28,42.58,42.93,43.58
38.16,39.53,40.68,41.53,41.93,42.03,42.23,42.58,42.93,43.58
39.12,40.3,41.35,42.1,42.45,42.5,42.65,42.95,43.3,43.95
37.72,38.85,39.9,40.65,41,41.05,41.25,41.55,41.9,42.55
37.75,38.85,39.9,40.7,41.1,41.15,41.35,41.65,42,42.65
39.17,40.11,41.06,41.76,42.06,42.06,42.21,42.46,42.76,43.36
38.54,39.63,40.58,41.28,41.58,41.58,41.73,41.98,42.28,42.88
38.65,39.79,40.74,41.44,41.74,41.79,41.94,42.19,42.49,43.09
39.16,40.25,41.2,41.85,42.15,42.15,42.3,42.55,42.85,43.45
38.79,39.84,40.79,41.44,41.74,41.74,41.84,42.09,42.39,42.99
38.83,39.93,41,41.7,42,42,42.15,42.4,42.7,43.3
38.36,39.47,40.62,41.42,41.77,41.82,41.97,42.22,42.52,43.12
38.82,39.86,41.01,41.81,42.16,42.16,42.31,42.56,42.86,43.46
39.36,40.61,41.46,41.86,41.91,42.06,42.31,42.61,43.21,44.01
39.37,40.52,41.32,41.67,41.72,41.87,42.12,42.42,43.02,43.82
39.39,40.49,41.19,41.49,41.49,41.64,41.89,42.19,42.79,43.59
39.1,40.3,41.05,41.4,41.45,41.6,41.85,42.15,42.75,43.55
38.51,39.84,40.69,41.04,41.09,41.24,41.49,41.79,42.39,43.19
37.45,38.81,39.76,40.16,40.26,40.46,40.76,41.11,41.71,42.51
37.76,39.04,39.99,40.39,40.49,40.69,40.99,41.34,41.94,42.74
37.92,39.18,40.13,40.53,40.63,40.83,41.13,41.48,42.08,42.88
38.7,39.96,40.86,41.26,41.31,41.46,41.76,42.16,42.76,43.56
37.86,39.17,40.07,40.47,40.52,40.67,40.97,41.37,41.97,42.77
36.15,37.56,38.56,39.11,39.31,39.61,40.01,40.51,41.16,41.96
35.1,36.45,37.5,38.2,38.5,38.9,39.4,40,40.65,41.5
34.71,36.23,37.33,38.08,38.58,39.18,39.78,40.48,41.23,42.08
34.77,36.24,37.29,37.99,38.49,39.09,39.69,40.39,41.14,41.99
35.08,36.32,37.42,38.17,38.67,39.27,39.87,40.57,41.37,42.22
34.29,35.42,36.42,37.17,37.72,38.32,38.92,39.62,40.42,41.27
33.29,34.52,35.57,36.37,36.97,37.62,38.27,39.02,39.82,40.67
33.1,34.33,35.33,36.08,36.68,37.33,37.98,38.73,39.53,40.38
31.32,32.13,33.21,34.06,34.76,35.51,36.26,37.06,37.91,38.81
31.75,33.08,33.93,34.68,35.43,36.18,36.98,37.83,38.73,39.68
32.28,33.46,34.21,34.96,35.71,36.46,37.26,38.11,39.01,39.96
32.42,33.65,34.35,35,35.65,36.35,37.15,38,38.9,39.8
32.2,33.58,34.28,34.88,35.48,36.18,36.93,37.78,38.63,39.53
32.74,34.06,34.71,35.31,35.91,36.61,37.36,38.21,39.06,40.01
32.52,33.78,34.38,34.93,35.48,36.13,36.88,37.73,38.58,39.48
32.17,33.44,34.14,34.74,35.34,36.04,36.79,37.64,38.49,39.39
31.35,32.59,33.34,33.99,34.69,35.44,36.24,37.09,37.99,38.94
31.5,32.71,33.46,34.11,34.81,35.56,36.36,37.21,38.11,39.06
32.71,33.82,34.52,35.07,35.67,36.37,37.12,37.92,38.77,39.67
33.79,34.83,35.48,35.98,36.48,37.13,37.88,38.68,39.53,40.43
35.37,36.4,36.9,37.3,37.75,38.35,39.1,39.85,40.7,41.55
32.39,33.38,33.98,34.48,34.98,35.63,36.43,37.23,38.08,38.93
32.39,33.47,34.07,34.57,35.07,35.72,36.52,37.32,38.17,39.02
31.74,32.75,33.35,33.85,34.4,35.05,35.85,36.7,37.6,38.45
31.9,32.9,33.5,34,34.55,35.25,36.05,36.9,37.8,38.7
32.54,33.5,34,34.4,34.85,35.5,36.25,37.05,37.9,38.75
32.19,33.19,33.74,34.14,34.59,35.24,35.99,36.79,37.64,38.49
32.51,33.31,33.86,34.26,34.71,35.36,36.11,36.91,37.76,38.61
33.33,33.97,34.47,34.82,35.22,35.82,36.57,37.37,38.27,39.07
32.92,33.62,34.17,34.57,34.97,35.57,36.32,37.12,38.02,38.82
34,34.28,34.68,34.88,35.18,35.73,36.48,37.28,38.18,38.98
35.14,35.59,35.79,36.09,36.64,37.39,38.19,39.04,39.84,40.69
34.22,34.7,34.9,35.25,35.85,36.6,37.4,38.25,39.1,39.95
35.73,36.18,36.38,36.68,37.23,37.98,38.78,39.63,40.48,41.33
35.79,36.34,36.59,36.89,37.44,38.19,38.99,39.84,40.69,41.54
36.11,36.58,36.83,37.13,37.68,38.43,39.18,39.98,40.78,41.58
37.43,37.73,37.88,38.08,38.48,39.13,39.83,40.53,41.28,42.03
35.7,36.16,36.41,36.71,37.16,37.81,38.51,39.26,40.06,40.86
33.78,34.3,34.7,35.15,35.7,36.45,37.2,38,38.85,39.7
32.77,33.31,33.76,34.36,35.01,35.81,36.61,37.46,38.36,39.26
32.56,33.05,33.5,34.1,34.75,35.55,36.35,37.2,38.05,38.9
32.22,32.67,33.12,33.72,34.42,35.27,36.12,36.97,37.82,38.67
31.34,31.74,32.19,32.79,33.54,34.39,35.24,36.14,37.04,37.94
32.05,32.54,32.99,33.59,34.34,35.19,36.04,36.89,37.74,38.59
33.01,33.38,33.83,34.43,35.18,35.98,36.83,37.68,38.53,39.38
32.15,32.43,32.93,33.53,34.33,35.18,36.03,36.93,37.78,38.63
31.8,32.02,32.47,33.02,33.82,34.67,35.52,36.42,37.27,38.12
32.52,32.79,33.19,33.74,34.49,35.34,36.19,37.04,37.89,38.79
32.55,32.81,33.21,33.76,34.51,35.36,36.16,37.01,37.86,38.76
33.16,33.42,33.82,34.37,35.12,35.97,36.82,37.72,38.57,39.42
32.5,32.9,33.5,34.25,35.15,36.05,36.95,37.8,38.65,39.5
32.34,32.76,33.36,34.11,35.01,35.91,36.86,37.71,38.51,39.36
32.39,32.87,33.47,34.22,35.12,36.02,36.97,37.82,38.67,39.52
31.35,31.87,32.52,33.32,34.27,35.22,36.22,37.12,38.02,38.92
30.8,31.4,32.05,32.85,33.8,34.75,35.75,36.65,37.55,38.45
30.28,30.94,31.59,32.39,33.34,34.29,35.29,36.19,37.09,37.99
30.31,31.07,31.77,32.57,33.52,34.47,35.47,36.37,37.27,38.17
30.29,31.05,31.7,32.45,33.35,34.25,35.25,36.15,37,37.9
30.39,31.05,31.7,32.4,33.3,34.2,35.2,36.1,36.95,37.85
30.37,30.98,31.58,32.23,33.08,33.98,34.93,35.83,36.68,37.53
29.52,30.11,30.76,31.41,32.26,33.16,34.16,35.11,35.96,36.81
29.84,30.47,31.12,31.77,32.62,33.52,34.52,35.42,36.27,37.12
30.98,31.56,32.16,32.76,33.56,34.41,35.36,36.26,37.06,37.91
30.34,30.96,31.56,32.16,32.91,33.76,34.71,35.61,36.41,37.26
30.87,31.38,31.98,32.58,33.33,34.18,35.08,35.98,36.78,37.58
31.84,32.29,32.84,33.44,34.14,34.94,35.84,36.69,37.49,38.29
32.35,32.79,33.34,33.94,34.64,35.44,36.29,37.09,37.89,38.69
32.95,33.23,33.73,34.28,34.93,35.68,36.53,37.33,38.13,38.93
32.29,32.37,32.87,33.42,34.07,34.82,35.67,36.47,37.22,37.97
31.94,32.5,33.05,33.75,34.5,35.35,36.15,36.95,37.7,38.2
32.48,32.98,33.53,34.23,35.03,35.93,36.78,37.58,38.33,38.83
33.55,34.05,34.6,35.3,36.1,36.95,37.8,38.55,39.3,39.8
34.8,35.17,35.67,36.32,37.07,37.92,38.72,39.47,40.22,40.67
34.75,35.14,35.59,36.24,36.99,37.84,38.64,39.39,40.14,40.59
35.78,36.11,36.46,37.06,37.76,38.56,39.36,40.11,40.81,41.21
36.01,36.29,36.54,37.04,37.74,38.54,39.34,40.09,40.79,41.19
38.66,38.78,38.98,39.43,40.03,40.78,41.53,42.18,42.83,43.13
37.89,37.8,37.95,38.35,38.95,39.7,40.45,41.1,41.7,42
38.73,38.62,38.72,39.07,39.62,40.27,40.92,41.47,42.07,42.37
38.08,38.16,38.36,38.76,39.36,40.06,40.71,41.31,41.96,42.26
37.77,37.86,38.16,38.61,39.26,40.01,40.71,41.36,42.01,42.31
39.68,39.63,39.78,40.18,40.73,41.43,42.08,42.68,43.28,43.58
39.7,39.66,39.81,40.21,40.76,41.46,42.16,42.76,43.36,43.66
40.69,40.45,40.6,40.95,41.5,42.2,42.9,43.5,44.1,44.4
42.39,42,42.05,42.35,42.85,43.5,44.2,44.75,45.3,45.6
41.66,41.27,41.32,41.62,42.12,42.77,43.42,43.97,44.52,44.82
40.49,40.53,40.63,41.03,41.53,42.18,42.88,43.48,44.08,44.38
41.45,41.45,41.65,42.1,42.65,43.3,44,44.6,45.2,45.5
42.74,42.8,43.01,43.36,43.86,44.51,45.16,45.71,46.26,46.56
43.2,43.26,43.36,43.66,44.16,44.76,45.41,45.96,46.51,46.81
44.38,44.19,44.29,44.59,45.09,45.69,46.34,46.89,47.44,47.74
44.68,44,44.05,44.3,44.75,45.35,46,46.5,47,47.3
43.4,43.47,43.72,44.17,44.77,45.42,45.92,46.42,46.72,46.27
44.02,44.19,44.44,44.89,45.49,46.14,46.64,47.14,47.44,46.99
43.95,44.14,44.39,44.84,45.44,46.09,46.59,47.09,47.39,46.94
41.27,41.51,41.81,42.41,43.06,43.76,44.36,44.96,45.31,44.91
40.84,41.33,41.73,42.43,43.13,43.88,44.53,45.18,45.53,45.18
42.46,42.9,43.25,43.85,44.5,45.2,45.8,46.4,46.7,46.3
42,42.39,42.74,43.34,44.04,44.74,45.34,45.99,46.29,45.89
42.8,43.16,43.51,44.06,44.76,45.46,46.06,46.71,47.01,46.61
42.15,42.56,42.96,43.56,44.26,44.96,45.56,46.21,46.51,46.11
42.78,43.08,43.48,44.03,44.68,45.33,45.88,46.48,46.73,46.33
43.32,43.67,44.07,44.57,45.22,45.87,46.42,47.02,47.27,46.87
43.7,44.12,44.52,45.07,45.72,46.37,46.92,47.52,47.77,47.37
42.69,43.13,43.58,44.13,44.83,45.53,46.08,46.68,46.98,46.58
43.53,43.96,44.36,44.86,45.56,46.26,46.81,47.41,47.76,47.36
44.12,44.55,44.85,45.3,45.9,46.5,47,47.55,47.85,47.4
43.42,43.82,44.17,44.67,45.32,45.97,46.47,47.02,47.27,46.82
42.74,43.07,43.47,44.07,44.77,45.47,46.07,46.67,46.97,46.57
43.05,43.41,43.81,44.36,45.06,45.76,46.36,46.96,47.26,46.86
44.11,44.51,44.91,45.46,46.16,46.81,47.36,47.96,48.26,47.86
44.79,45.11,45.46,45.91,46.51,47.11,47.61,48.16,48.41,48.01
44.47,45.46,45.86,46.36,46.96,47.56,48.06,48.61,48.86,48.46
45.73,46.1,46.55,47.1,47.65,48.15,48.7,48.95,48.55,47.7
45.51,45.95,46.4,46.95,47.55,48.05,48.6,48.85,48.45,47.6
45.79,46.24,46.74,47.29,47.89,48.44,48.99,49.24,48.84,47.99
44.22,44.72,45.32,45.97,46.62,47.27,47.87,48.17,47.82,47.02
43.23,43.8,44.45,45.15,45.85,46.5,47.15,47.5,47.25,46.55
43.86,44.49,45.14,45.84,46.54,47.19,47.84,48.19,47.99,47.39
43.09,43.76,44.46,45.26,46.01,46.71,47.41,47.76,47.66,47.11
42.43,43.13,43.88,44.73,45.53,46.28,47.03,47.43,47.43,46.93
43.57,44.18,44.83,45.58,46.33,47.03,47.73,48.08,48.08,47.58
42.95,43.67,44.37,45.22,46.02,46.77,47.52,47.87,47.87,47.37
42.39,43.1,43.85,44.75,45.55,46.3,47.05,47.4,47.45,47
40.21,41,41.85,42.85,43.7,44.5,45.3,45.65,45.75,45.4
39.86,40.64,41.49,42.49,43.34,44.19,45.04,45.49,45.64,45.34
39.79,40.62,41.47,42.47,43.32,44.17,45.02,45.47,45.62,45.27
40.55,41.31,42.16,43.11,43.96,44.76,45.56,46.01,46.16,45.76
39.99,40.7,41.55,42.55,43.4,44.25,45.1,45.55,45.7,45.3
40.32,40.91,41.76,42.76,43.66,44.46,45.31,45.81,45.96,45.56
40.37,40.92,41.72,42.72,43.62,44.42,45.27,45.77,45.92,45.57
40.25,40.67,41.42,42.37,43.27,44.09,44.89,45.39,45.54,45.19
39.43,39.63,40.43,41.43,42.33,43.18,43.98,44.48,44.63,44.28
39.13,39.92,40.92,41.87,42.77,43.62,44.17,44.37,44.12,43.87
40.19,40.86,41.76,42.66,43.51,44.31,44.81,45.01,44.76,44.51
39.73,40.42,41.37,42.32,43.17,44.02,44.57,44.77,44.52,44.27
41.29,42,42.9,43.8,44.6,45.51,45.9,46.1,45.85,45.6
42.38,43.14,43.99,44.84,45.59,46.39,46.84,46.99,46.69,46.39
42.05,42.76,43.61,44.46,45.21,46.16,46.41,46.56,46.26,45.96
42.93,43.52,44.27,45.07,45.77,46.52,46.92,46.97,46.62,46.27
42.74,43.4,44.15,44.9,45.6,46.3,46.7,46.75,46.35,46
44.84,45.47,46.12,46.82,47.47,48.12,48.47,48.42,47.92,47.52
45.14,45.83,46.48,47.18,47.83,48.48,48.83,48.73,48.18,47.73
46.09,46.72,47.27,47.92,48.52,49.12,49.42,49.32,48.77,48.32
44.31,44.91,45.56,46.31,47.01,47.71,48.06,47.96,47.41,46.96
45.38,45.94,46.64,47.39,48.09,48.79,49.14,49.04,48.49,48.04
44.47,45.12,45.87,46.67,47.42,48.17,48.52,48.47,47.97,47.57
43.89,44.61,45.41,46.26,47.01,47.76,48.16,48.16,47.76,47.36
43.62,44.37,45.12,45.97,46.72,47.47,47.87,47.87,47.47,47.07
45.66,46.37,47.07,47.77,48.47,49.17,49.52,49.42,48.92,48.47
45.57,46.26,47.01,47.71,48.41,49.11,49.51,49.46,48.86,48.36
45.53,46.24,46.99,47.74,48.44,49.14,49.54,49.49,48.89,48.39
45.02,45.69,46.49,47.29,47.99,48.69,49.09,49.09,48.49,47.99
45.82,46.52,47.22,47.97,48.67,49.32,49.67,49.62,48.97,48.47
47.85,49.02,49.83,50.37,51.02,51.62,51.92,51.72,50.97,50.37
48.82,49.75,50.22,50.87,51.47,51.77,51.67,50.87,50.17,49.47
49.14,49.87,50.47,51.12,51.72,52.02,51.97,51.17,50.52,49.87
49.38,50.24,50.84,51.49,52.09,52.34,52.19,51.24,50.44,49.69
50.08,50.72,51.32,51.97,52.57,52.82,52.62,51.67,50.82,50.02
50.4,51.14,51.74,52.39,52.99,53.24,53.04,52.09,51.19,50.34
50.8,51.38,51.98,52.63,53.23,53.48,53.28,52.28,51.38,50.53
51.15,51.73,52.33,52.98,53.58,53.83,53.63,52.63,51.73,50.88
51.72,52.36,52.96,53.61,54.21,54.46,54.16,53.06,52.06,51.16
50.73,51.41,52.11,52.81,53.41,53.71,53.51,52.51,51.56,50.76
51.73,52.25,52.95,53.6,54.2,54.5,54.3,53.3,52.35,51.55
51.84,52.5,53.15,53.8,54.4,54.65,54.4,53.3,52.3,51.45
51.36,52.15,52.85,53.5,54.1,54.35,54.1,52.9,51.8,50.95
49.65,50.43,51.13,51.83,52.43,52.68,52.53,51.38,50.33,49.53
49.51,50.27,51.02,51.77,52.42,52.72,52.62,51.57,50.62,49.82
50.27,51.02,51.82,52.57,53.17,53.47,53.37,52.32,51.37,50.57
51.47,52.23,52.93,53.68,54.28,54.58,54.43,53.38,52.38,51.58
51.11,51.92,52.72,53.47,54.07,54.37,54.22,53.12,52.07,51.22
50.71,51.55,52.35,53.1,53.75,54.05,53.95,52.9,51.85,50.95
51.45,52.22,52.97,53.67,54.32,54.57,54.42,53.32,52.27,51.37
52.73,53.5,54.2,54.85,55.45,55.7,55.45,54.25,53.1,52.05
52.17,52.1,52.8,53.5,54.15,54.4,54.15,52.95,51.8,50.75
52.37,53.28,54.03,54.68,54.93,54.68,53.48,52.33,51.28,50.73
52.29,53.13,53.88,54.53,54.78,54.53,53.33,52.13,51.08,50.53
53.02,53.8,54.5,55.1,55.3,54.95,53.65,52.35,51.25,50.65
53.43,54.27,54.97,55.57,55.77,55.42,54.12,52.82,51.72,51.12
54.53,55.44,56.14,56.74,56.84,56.39,54.99,53.59,52.44,51.84
55.21,56.07,56.72,57.27,57.37,56.82,55.32,53.82,52.67,52.07
55.1,55.89,56.54,57.09,57.14,56.59,54.99,53.39,52.14,51.49
55.65,56.4,57.05,57.6,57.65,57.05,55.4,53.75,52.45,51.75
55.54,56.3,56.95,57.5,57.6,57,55.35,53.7,52.4,51.7
55.69,56.48,57.13,57.63,57.68,57.03,55.33,53.63,52.33,51.63
55.34,56.11,56.81,57.41,57.51,56.91,55.26,53.61,52.36,51.71
56.81,57.56,58.21,58.76,58.86,58.21,56.51,54.81,53.51,52.86
56.45,57.23,57.83,58.38,58.43,57.68,55.88,54.08,52.63,51.93
57.5,58.16,58.76,59.26,59.31,58.46,56.51,54.56,53.06,52.31
57.42,58.09,58.69,59.3,59.19,58.24,56.14,54.04,52.44,51.64
57.73,58.48,59.08,59.53,59.53,58.53,56.38,54.23,52.58,51.78
57,57.73,58.33,58.83,58.93,58.03,55.93,53.83,52.23,51.48
54.75,55.4,56.1,56.65,56.85,56.15,54.2,52.25,50.75,50.05
55.49,56.14,56.79,57.34,57.49,56.79,54.89,52.94,51.44,50.74
55.99,56.64,57.29,57.84,57.99,57.29,55.34,53.39,51.89,51.19
57.33,57.96,58.61,59.16,59.26,58.41,56.36,54.26,52.66,51.91
58.02,58.38,59.03,59.58,59.68,58.73,56.63,54.48,52.88,52.13
57.83,58.48,59.08,59.18,58.28,56.23,54.13,52.58,51.88,51.68
56.47,57.11,57.76,57.96,57.21,55.26,53.21,51.71,51.01,50.81
57.47,58.07,58.72,58.92,58.17,56.22,54.17,52.67,51.97,51.77
59.09,59.7,60.3,60.4,59.5,57.3,55,53.3,52.55,52.3
59.52,60.11,60.66,60.71,59.81,57.61,55.31,53.61,52.86,52.56
61.08,61.67,62.17,62.17,61.17,58.72,56.17,54.27,53.42,53.07
62.03,62.5,62.9,62.85,61.8,59.25,56.55,54.6,53.7,53.35
62.2,62.71,63.11,63.06,62.01,59.46,56.76,54.81,53.91,53.56
61.06,61.65,62.1,62.15,61.2,58.8,56.15,54.25,53.4,53.05
61.06,61.59,62.09,62.19,61.34,59.04,56.39,54.49,53.64,53.29
61.08,61.67,62.22,62.32,61.47,59.17,56.42,54.42,53.47,53.02
61.17,61.74,62.29,62.44,61.64,59.39,56.64,54.64,53.69,53.24
60.25,60.72,61.27,61.42,60.62,58.37,55.67,53.72,52.82,52.42
59.78,60.23,60.78,60.93,60.23,58.08,55.48,53.58,52.73,52.38
60.21,60.68,61.23,61.38,60.73,58.63,56.03,54.13,53.33,52.98
62.15,62.67,63.17,63.27,62.42,60.22,57.47,55.52,54.67,54.32
62.27,62.74,63.24,63.29,62.44,60.19,57.44,55.49,54.54,54.19
62.12,62.7,63.2,63.25,62.45,60.2,57.4,55.45,54.5,54.1
61.68,62.33,62.83,62.88,62.08,59.88,57.13,55.23,54.33,53.93
62.13,62.68,63.18,63.23,62.53,60.43,57.73,55.83,54.93,54.53
61.54,62.38,62.91,62.96,62.26,60.16,57.46,55.56,54.66,54.26
62.49,63.05,63.15,62.5,60.55,58.05,56.1,55.15,54.75,54.95
60.56,61.19,61.44,60.94,59.24,56.99,55.09,54.19,53.74,53.89
59.61,60.35,60.65,60.3,59,57.15,55.4,54.6,54.2,54.35
59.43,60.05,60.35,60,58.7,56.85,55.1,54.3,53.9,54.05
57.46,58.09,58.39,58.14,57.14,55.49,53.89,53.19,52.89,53.14
53.72,54.6,54.95,54.85,54.15,52.8,51.45,50.85,50.6,50.95
54.88,55.68,56.08,55.98,55.33,53.98,52.68,52.08,51.83,52.18
57.9,58.59,58.94,58.74,57.84,56.24,54.69,54.04,53.74,54.04
59.61,60.24,60.44,60.09,58.89,57.04,55.34,54.64,54.34,54.59
58.51,59.09,59.29,58.94,57.79,55.99,54.29,53.59,53.29,53.59
59.56,60.17,60.42,60.07,58.92,57.12,55.42,54.72,54.42,54.72
59.15,59.76,60.01,59.71,58.61,56.86,55.16,54.46,54.11,54.41
58.36,58.94,59.24,59.04,58.04,56.39,54.74,54.04,53.74,54.04
58.69,59.25,59.6,59.45,58.45,56.8,55.15,54.45,54.15,54.45
58.99,59.52,59.82,59.67,58.62,56.97,55.32,54.57,54.27,54.57
60.89,61.5,61.8,61.5,60.3,58.5,56.7,55.8,55.45,55.7
60.68,61.02,61.32,61.07,59.92,58.12,56.32,55.47,55.07,55.32
60.53,60.88,61.18,60.98,59.93,58.23,56.53,55.68,55.28,55.53
60.76,61.13,61.38,61.08,59.93,58.13,56.38,55.48,55.08,55.28
57.7,58.16,58.41,58.21,57.21,55.56,53.91,53.11,52.71,52.96
57.4,57.99,58.34,58.24,57.39,55.84,54.29,53.54,53.14,53.39
59.55,59.95,59.85,59,57.45,55.9,55.15,54.75,55,55.4
59.41,59.79,59.69,58.79,57.19,55.59,54.79,54.39,54.59,54.99
60.51,60.72,60.32,59.12,57.27,55.42,54.42,53.87,54.02,54.37
